tree
version=v4
num_class=1
num_tree_per_iteration=1
label_index=0
max_feature_idx=3
objective=regression
feature_names=Column_0 Column_1 Column_2 Column_3
feature_infos=[0.50000584125518799:0.99985885620117188] [0:7] [0:6] [0:1]
tree_sizes=2766 2896 2898 2905 2906 2915 2911 2927 2918 2942 2950 2950 2964 2971 2975 2970 2968 2961 2965 2970 2969 2970 2958 2966 2976 2953 2972 3005 2977 2995 2980 2986 2972 2980 2982 2968 2987 2981 2985 2996 2969 2970 2990 2977 2965 2981 2980 2976 2981 2990 2988 2977 2961 2982 2967 2957 2991 2969 2969 2985 2965 2996 2978 2961 2981 2985 2992 2983 2964 2972 2963 2982 2992 2988 2989 2996 2970 2992 2983 2975 2958 2972 2977 2980 3010 2964 2975 2975 2992 2986 2983 2954 2989 2995 2951 2988 3004 2979 2986 2985

Tree=0
num_leaves=31
num_cat=0
split_feature=1 1 0 0 1 1 0 3 3 3 3 1 3 0 3 1 3 0 3 0 0 0 1 0 1 0 0 0 0 0
split_gain=46.7406 11.9753 9.39592 5.22834 3.61786 3.408 2.55235 2.46602 2.22231 2.02816 1.68266 1.6443 1.09409 0.870948 0.772092 0.593048 0.567021 0.510688 0.510342 0.503283 0.418151 0.377481 0.364394 0.363536 0.334126 0.330061 0.324808 0.304952 0.268567 0.250752
threshold=1.5000000000000002 2.5000000000000004 0.7478417456150056 0.76927417516708385 3.5000000000000004 1.0000000180025095e-35 0.78904280066490184 1.0000000180025095e-35 1.0000000180025095e-35 1.0000000180025095e-35 1.0000000180025095e-35 1.0000000180025095e-35 1.0000000180025095e-35 0.70881193876266491 1.0000000180025095e-35 1.0000000180025095e-35 1.0000000180025095e-35 0.89767932891845714 1.0000000180025095e-35 0.63062384724617015 0.64097231626510631 0.64326518774032604 4.5000000000000009 0.85702133178710949 4.5000000000000009 0.87705254554748546 0.60290887951850902 0.64900735020637523 0.59731158614158641 0.65146166086196911
decision_type=2 2 2 2 2 2 2 2 2 2 2 2 2 2 2 2 2 2 2 2 2 2 2 2 2 2 2 2 2 2
left_child=2 3 5 10 6 12 14 11 20 -5 19 -4 29 22 28 -9 -8 -13 24 -2 -7 -10 -6 -17 -15 -11 -12 -14 -3 -1
right_child=1 4 7 9 13 8 16 15 21 25 26 17 27 18 -16 23 -18 -19 -20 -21 -22 -23 -24 -25 -26 -27 -28 -29 -30 -31
leaf_value=0.23998764492472519 0.26163493429588203 0.27292028636311494 0.22609739158761763 0.24603598629871315 0.27389547079884213 0.25105642986253102 0.25498030660215165 0.220171400026901 0.24091261269402023 0.23791206593006153 0.25185292507602036 0.23901426415906482 0.23133859157678172 0.26730231743675137 0.258127838387395 0.22956686655831396 0.24580591708761962 0.23208742358980602 0.26015233933863141 0.25401787193661191 0.24468964401983517 0.23483818524140579 0.28594256402897744 0.22362408805039749 0.28053690178609425 0.23132949175561465 0.24527206415684194 0.22429655934046538 0.26485745830078378 0.2338441121474899
leaf_weight=178 172 61 277 294 96 260 129 279 237 143 120 242 168 65 167 177 141 190 77 175 171 180 34 246 27 163 200 97 128 106
leaf_count=178 172 61 277 294 96 260 129 279 237 143 120 242 168 65 167 177 141 190 77 175 171 180 34 246 27 163 200 97 128 106
internal_value=0.24225 0.253193 0.233707 0.246878 0.261843 0.239521 0.257521 0.227952 0.243495 0.240105 0.25297 0.232111 0.233382 0.270893 0.263082 0.22375 0.250189 0.235968 0.266159 0.257793 0.24853 0.238291 0.277046 0.226111 0.271186 0.234406 0.24774 0.228761 0.26746 0.237695
internal_weight=5000 2192 2808 1267 925 1397 626 1411 848 600 667 709 549 299 356 702 270 432 169 347 431 417 130 423 92 306 320 265 189 284
internal_count=5000 2192 2808 1267 925 1397 626 1411 848 600 667 709 549 299 356 702 270 432 169 347 431 417 130 423 92 306 320 265 189 284
is_linear=0
shrinkage=1


Tree=1
num_leaves=31
num_cat=0
split_feature=1 1 0 0 0 1 3 3 3 1 3 1 1 3 3 1 3 1 0 0 3 0 3 0 0 0 0 0 0 0
split_gain=37.8599 9.70002 7.6223 4.24005 2.97828 2.80469 1.98223 1.84509 1.74485 1.47866 1.30538 1.29443 1.24369 0.88956 0.641124 0.464393 0.463402 0.449794 0.398671 0.372428 0.359609 0.355325 0.326451 0.321411 0.288983 0.261323 0.260065 0.256451 0.237026 0.235129
threshold=1.5000000000000002 2.5000000000000004 0.75156718492507946 0.75748476386070263 0.79092702269554149 1.0000000180025095e-35 1.0000000180025095e-35 1.0000000180025095e-35 1.0000000180025095e-35 3.5000000000000004 1.0000000180025095e-35 1.0000000180025095e-35 3.5000000000000004 1.0000000180025095e-35 1.0000000180025095e-35 4.5000000000000009 1.0000000180025095e-35 1.0000000180025095e-35 0.85106337070465099 0.63062384724617015 1.0000000180025095e-35 0.65763244032859813 1.0000000180025095e-35 0.64326518774032604 0.92590162158012401 0.85702133178710949 0.90517860651016246 0.64900735020637523 0.65585827827453624 0.65146166086196911
decision_type=2 2 2 2 2 2 2 2 2 2 2 2 2 2 2 2 2 2 2 2 2 2 2 2 2 2 2 2 2 2
left_child=2 3 5 10 9 13 11 21 26 14 19 -4 16 -1 29 20 -6 -8 -13 -2 -11 -7 -14 -9 -10 -19 -5 -15 -16 -3
right_child=1 4 6 8 12 7 17 23 24 15 -12 18 22 27 28 -17 -18 25 -20 -21 -22 -23 -24 -25 -26 -27 -28 -29 -30 -31
leaf_value=-0.0042236070226592736 0.017446540226770002 0.026128450408577919 -0.014597493007075921 0.005829902327303931 0.011431114676815924 0.0076540964907336447 -0.019910543907772412 -0.0012035492832371121 -0.0048854620960001377 0.03186495328942935 0.0051938135888579592 -0.0018411509738765046 0.024052912452772482 -0.0098201682789727969 0.017132142725444978 0.037899779677391054 0.0030774862962536409 -0.011637701975282081 -0.0081548902400038186 0.010754380328219199 0.021503004957647884 0.001670739808277607 0.01324853558714191 -0.0067242393468653688 -0.011405231718989937 -0.016763221742055284 -0.00022241083308537849 -0.016196386482898551 0.0094484229070635958 0.019092383949046443
leaf_weight=289 172 96 272 197 128 286 275 237 217 66 310 161 67 168 105 50 138 167 264 161 68 152 48 190 99 246 111 101 65 94
leaf_count=289 172 96 272 197 128 286 275 237 217 66 310 161 67 168 105 50 138 167 264 161 68 152 48 190 99 246 111 101 65 94
internal_value=-2.92137e-11 0.00984879 -0.00768823 0.00416486 0.0176342 -0.00254819 -0.0129693 0.00101755 -0.00170747 0.0223829 0.00986367 -0.00921067 0.0108539 -0.00807571 0.0186557 0.0296754 0.00709728 -0.0167771 -0.0057631 0.014211 0.0266067 0.00557768 0.0195433 -0.00366006 -0.00692805 -0.0146907 0.00364871 -0.0122142 0.0141942 0.0226474
internal_weight=5000 2192 2808 1267 925 1423 1385 865 624 544 643 697 381 558 360 184 266 688 425 333 134 438 115 427 316 413 308 269 170 190
internal_count=5000 2192 2808 1267 925 1423 1385 865 624 544 643 697 381 558 360 184 266 688 425 333 134 438 115 427 316 413 308 269 170 190
is_linear=0
shrinkage=0.1


Tree=2
num_leaves=31
num_cat=0
split_feature=1 1 0 0 0 1 3 3 3 1 1 3 1 3 3 1 0 1 3 0 3 0 0 0 3 0 0 0 0 0
split_gain=30.6665 7.85701 6.19491 3.44289 2.41839 2.07254 1.79129 1.40885 1.32863 1.17917 1.157 1.10546 1.04254 0.704551 0.50673 0.418027 0.412367 0.381631 0.371817 0.327746 0.301772 0.288253 0.272755 0.258636 0.256783 0.239499 0.209008 0.201149 0.200501 0.18933
threshold=1.5000000000000002 2.5000000000000004 0.72517535090446483 0.76927417516708385 0.78904280066490184 1.0000000180025095e-35 1.0000000180025095e-35 1.0000000180025095e-35 1.0000000180025095e-35 3.5000000000000004 1.0000000180025095e-35 1.0000000180025095e-35 3.5000000000000004 1.0000000180025095e-35 1.0000000180025095e-35 1.0000000180025095e-35 0.8458877205848695 4.5000000000000009 1.0000000180025095e-35 0.65322408080101024 1.0000000180025095e-35 0.81839299201965343 0.88901787996292125 0.60290887951850902 1.0000000180025095e-35 0.86694139242172252 0.60740214586257946 0.58856511116027843 0.60740214586257946 0.59060409665107738
decision_type=2 2 2 2 2 2 2 2 2 2 2 2 2 2 2 2 2 2 2 2 2 2 2 2 2 2 2 2 2 2
left_child=2 3 5 11 9 13 10 28 -5 14 22 19 18 -1 29 -8 -12 20 -6 -2 -11 -17 -4 -13 -14 -10 -9 -15 -7 -3
right_child=1 4 6 8 12 7 15 26 25 17 16 23 24 27 -16 21 -18 -19 -20 -21 -22 -23 -24 -25 -26 -27 -28 -29 -30 -31
leaf_value=-0.003171025459801058 0.015205770202608097 0.025238706877357082 -0.010096331267149337 0.0030530025147564466 0.010308324726471722 0.0078844887701173625 -0.017625587913254432 -0.00041244465742040678 -0.0031268137561682552 0.02891983522567898 -0.0011819995831198564 0.0081233505314836901 0.021627528080041859 -0.0071932929219922634 0.012862203236248254 -0.0089147310877747046 -0.007216753876061863 0.034325500349609218 0.002879120940530379 0.0089745424326974892 0.019352704808389881 -0.014452085329537533 -0.016149532596414634 0.0022509721384049042 0.012160760350525379 -0.0087808388935268992 -0.0050445176004565336 -0.01303242297256238 0.0033781481035402975 0.018342408828550216
leaf_weight=256 202 57 176 294 129 195 299 184 131 64 192 120 69 99 167 134 276 49 141 145 68 315 129 200 49 175 207 146 200 132
leaf_count=256 202 57 176 294 129 195 299 184 131 64 192 120 69 99 167 134 276 49 141 145 68 315 129 200 49 175 207 146 200 132
internal_value=-2.78503e-11 0.00886391 -0.00691941 0.00374838 0.0158708 -0.00181325 -0.01124 0.00139059 -0.00174779 0.0202171 -0.00786418 0.00869246 0.00985543 -0.00683963 0.0168758 -0.0147287 -0.00474096 0.026789 0.00642863 0.0126019 0.0239913 -0.0127995 -0.0126565 0.00445311 0.0176964 -0.00636032 -0.00286472 -0.0106729 0.0056028 0.0204222
internal_weight=5000 2192 2808 1267 925 1287 1521 786 600 537 773 667 388 501 356 748 468 181 270 347 132 449 305 320 118 306 391 245 395 189
internal_count=5000 2192 2808 1267 925 1287 1521 786 600 537 773 667 388 501 356 748 468 181 270 347 132 449 305 320 118 306 391 245 395 189
is_linear=0
shrinkage=0.1


Tree=3
num_leaves=31
num_cat=0
split_feature=1 1 0 0 1 0 3 3 3 1 1 3 1 3 3 0 1 3 0 0 1 0 3 0 1 0 0 0 0 0
split_gain=24.8399 6.36418 5.08564 2.8103 2.08286 1.95923 1.36077 1.26989 1.05536 0.970262 0.815651 0.782287 0.696884 0.658957 0.419719 0.346682 0.306273 0.304839 0.3013 0.267457 0.243624 0.239355 0.235825 0.234856 0.232685 0.221577 0.216082 0.201583 0.189442 0.168368
threshold=1.5000000000000002 2.5000000000000004 0.78904280066490184 0.74163156747818004 1.0000000180025095e-35 0.79092702269554149 1.0000000180025095e-35 1.0000000180025095e-35 1.0000000180025095e-35 3.5000000000000004 3.5000000000000004 1.0000000180025095e-35 1.0000000180025095e-35 1.0000000180025095e-35 1.0000000180025095e-35 0.65763244032859813 4.5000000000000009 1.0000000180025095e-35 0.64326518774032604 0.6195616126060487 4.5000000000000009 0.90517860651016246 1.0000000180025095e-35 0.95304951071739208 1.0000000180025095e-35 0.62342023849487316 0.57960009574890148 0.91962972283363353 0.65585827827453624 0.66691958904266369
decision_type=2 2 2 2 2 2 2 2 2 2 2 2 2 2 2 2 2 2 2 2 2 2 2 2 2 2 2 2 2 2
left_child=2 3 4 11 13 9 15 21 12 14 17 26 -4 19 29 -6 22 -7 -8 -1 -12 -5 -11 -9 -10 -15 -2 -14 -16 -3
right_child=1 5 8 7 6 10 18 23 24 16 20 -13 27 25 28 -17 -18 -19 -20 -21 -22 -23 -24 -25 -26 -27 -28 -29 -30 -31
leaf_value=-0.00059444398772029677 0.015601129884509228 0.02114019570964398 -0.012457149969394146 0.0051733495131754481 0.0062436217115907052 0.0092571705860336802 -0.00093836329190857728 -0.0041265027171180808 -0.016632743713915602 0.025808572374058494 0.013025220207470871 0.0046491992830174399 -0.0035877303482792912 -0.0072927433610203915 0.014132708545242038 0.00092179430774483773 0.030721579581499098 0.0024818256170492273 -0.005939465769715011 -0.0063876448284576632 0.023397830609352358 -0.0005054700495633255 0.017417434362612446 -0.010859306756537991 -0.012577698271274152 -0.012684833987749049 0.0099909438689396099 -0.0084165360629361811 0.0072634358782894346 0.015174637123774948
leaf_weight=140 104 101 236 224 286 128 237 272 234 66 84 290 221 135 105 214 50 138 245 185 31 111 68 64 358 175 202 142 65 89
leaf_count=140 104 101 236 224 286 128 237 272 234 66 84 290 221 135 105 214 50 138 245 185 31 111 68 64 358 175 202 142 65 89
internal_value=2.16223e-11 0.00797752 -0.00622747 0.00337354 -0.00257509 0.0142837 0.000310976 -0.0010651 -0.0111862 0.0181353 0.00878441 0.00837073 -0.00822692 -0.00703827 0.015116 0.00396588 0.0240426 0.00574214 -0.00348042 -0.00389211 0.0158213 0.00329171 0.0215504 -0.00540894 -0.0141805 -0.0103367 0.0118977 -0.00547668 0.0115062 0.0183458
internal_weight=5000 2192 2808 1267 1617 925 982 671 1191 544 381 596 599 635 360 500 184 266 482 325 115 335 134 336 592 310 306 363 170 190
internal_count=5000 2192 2808 1267 1617 925 982 671 1191 544 381 596 599 635 360 500 184 266 482 325 115 335 134 336 592 310 306 363 170 190
is_linear=0
shrinkage=0.1


Tree=4
num_leaves=31
num_cat=0
split_feature=1 1 0 0 0 1 3 3 3 1 1 3 1 3 3 1 0 0 1 3 0 0 3 0 3 0 0 0 0 0
split_gain=20.1203 5.15499 4.15081 2.28276 1.59084 1.31174 1.1857 0.869612 0.863222 0.792118 0.775925 0.726553 0.681284 0.452455 0.332725 0.314437 0.314065 0.272672 0.250778 0.24368 0.232606 0.218819 0.208173 0.200794 0.199114 0.176012 0.149942 0.149834 0.134334 0.128278
threshold=1.5000000000000002 2.5000000000000004 0.70881193876266491 0.76927417516708385 0.78904280066490184 1.0000000180025095e-35 1.0000000180025095e-35 1.0000000180025095e-35 1.0000000180025095e-35 1.0000000180025095e-35 3.5000000000000004 1.0000000180025095e-35 3.5000000000000004 1.0000000180025095e-35 1.0000000180025095e-35 1.0000000180025095e-35 0.89767932891845714 0.87705254554748546 4.5000000000000009 1.0000000180025095e-35 0.63062384724617015 0.88901787996292125 1.0000000180025095e-35 0.6791571080684663 1.0000000180025095e-35 0.86171594262123119 0.90517860651016246 0.65585827827453624 0.59060409665107738 0.58856511116027843
decision_type=2 2 2 2 2 2 2 2 2 2 2 2 2 2 2 2 2 2 2 2 2 2 2 2 2 2 2 2 2 2
left_child=2 3 5 11 10 13 9 26 -7 21 14 20 19 -1 28 -8 -11 -17 24 -6 -2 -4 -14 -13 -12 -9 -5 -16 -3 -15
right_child=1 4 6 7 12 8 15 25 -10 16 18 23 22 29 27 17 -18 -19 -20 -21 -22 -23 -24 -25 -26 -27 -28 -29 -30 -31
leaf_value=-0.0022545282278557959 0.012842993868796544 0.020600817901523492 -0.0079634957735834188 0.0042036029029271149 0.0083471881845797232 0.0048387955298197817 -0.014142297940020254 -0.0022652292766818598 -0.0020211764128826976 -0.0016900068334933375 0.02344699390232563 0.0052772447838544054 0.017854609465617958 -0.0057446895251897258 0.012719436905213766 -0.0079703517447988915 -0.0068893922873049691 -0.0127748619467907 0.027820792277248541 0.0023328526090444167 0.0076646415909220073 -0.013288864340495983 0.0093308554185383332 -0.0001729484318444126 0.015675691079677031 -0.0071504621399171714 -0.00045492308516357398 0.006519702104138091 0.014791852266838155 -0.010514349789529301
leaf_weight=240 172 57 192 183 129 374 314 124 360 299 64 223 69 99 105 270 190 210 49 141 175 129 49 97 68 182 111 62 132 131
leaf_count=240 172 57 192 183 129 374 314 124 360 299 64 223 69 99 105 270 190 210 49 141 175 129 49 97 68 182 111 62 132 131
internal_value=-1.71967e-11 0.00717977 -0.00560472 0.00303619 0.0128554 -0.00116703 -0.00893575 -0.00143918 0.00147423 -0.00624389 0.0163805 0.007062 0.00797655 -0.0052919 0.01367 -0.0116819 -0.00371022 -0.0100723 0.0217115 0.00520637 0.0102314 -0.0101036 0.0143151 0.00362515 0.0194436 -0.00517083 0.00244477 0.0104177 0.0165438 -0.00846132
internal_weight=5000 2192 2808 1267 925 1204 1604 600 734 810 537 667 388 470 356 794 489 480 181 270 347 321 118 320 132 306 294 167 189 230
internal_count=5000 2192 2808 1267 925 1204 1604 600 734 810 537 667 388 470 356 794 489 480 181 270 347 321 118 320 132 306 294 167 189 230
is_linear=0
shrinkage=0.1


Tree=5
num_leaves=31
num_cat=0
split_feature=1 1 0 0 1 0 3 1 3 3 3 1 3 1 3 0 0 3 0 0 0 0 0 0 1 0 1 0 0 0
split_gain=16.2974 4.17554 3.43221 1.86027 1.37843 1.3126 0.896018 0.756573 0.714962 0.69447 0.567791 0.502995 0.465214 0.450632 0.424885 0.250835 0.239013 0.230386 0.227947 0.217261 0.205377 0.189344 0.155395 0.141839 0.139743 0.13799 0.13786 0.129109 0.126824 0.109356
threshold=1.5000000000000002 2.5000000000000004 0.79254552721977245 0.795131415128708 1.0000000180025095e-35 0.70881193876266491 1.0000000180025095e-35 4.5000000000000009 1.0000000180025095e-35 1.0000000180025095e-35 1.0000000180025095e-35 3.5000000000000004 1.0000000180025095e-35 1.0000000180025095e-35 1.0000000180025095e-35 0.64097231626510631 0.6791571080684663 1.0000000180025095e-35 0.65322408080101024 0.60740214586257946 0.59731158614158641 0.91376066207885753 0.64900735020637523 0.93745881319046032 1.0000000180025095e-35 0.95702180266380321 3.5000000000000004 0.83085075020790111 0.62659350037574779 0.93270072340965282
decision_type=2 2 2 2 2 2 2 2 2 2 2 2 2 2 2 2 2 2 2 2 2 2 2 2 2 2 2 2 2 2
left_child=2 3 4 9 14 11 15 12 13 18 -5 17 26 29 20 -6 -11 -3 -2 -8 -1 -14 -16 -15 -10 -12 27 -7 -13 -4
right_child=1 5 8 10 6 7 19 -9 24 16 25 28 21 23 22 -17 -18 -19 -20 -21 -22 -23 -24 -25 -26 -27 -28 -29 -30 -31
leaf_value=0.00028910776433934061 0.011189864296696638 0.016427194931759283 -0.0084615845580022619 0.0015687419225864617 0.0053764446016374189 0.01155774940588427 -7.5246262049008894e-05 0.020454498336828771 -0.013560967042024552 0.0047495202900321885 -0.0038358730026625621 0.023764783083587079 0.0056036528051715759 -0.0032505321343373216 -0.0062734446202479636 0.00090767333459841094 -0.00060668875338247964 0.010496299065892924 0.0063448531993247391 -0.0044235484827582052 -0.0049836167267122422 -0.00095180909196704126 -0.010750165897601013 -0.0076425418745131842 -0.010396155418362469 -0.009306523570064772 0.01410667726913324 0.0063058520737249643 0.017457205682460751 -0.012936072514937473
leaf_weight=112 202 130 144 252 260 88 184 47 232 223 211 74 174 257 168 243 133 132 187 306 217 59 144 103 350 59 65 100 56 88
leaf_count=112 202 130 144 252 260 88 184 47 232 223 211 74 174 257 168 243 133 132 187 306 217 59 144 103 350 59 65 100 56 88
internal_value=1.22018e-12 0.00646179 -0.00504425 0.00273257 -0.00208081 0.0115698 0.000252758 0.00833929 -0.00916883 0.00593999 -0.00184508 0.0159624 0.00716765 -0.00672198 -0.00569583 0.00321757 0.00274846 0.0134391 0.00886077 -0.00279072 -0.00318865 0.00394369 -0.00833962 -0.00450713 -0.0116577 -0.00503131 0.0101368 0.00876419 0.0210477 -0.0101588
internal_weight=5000 2192 2808 1267 1634 925 993 533 1174 745 522 392 486 592 641 503 356 262 389 490 329 233 312 360 582 270 253 188 130 232
internal_count=5000 2192 2808 1267 1634 925 993 533 1174 745 522 392 486 592 641 503 356 262 389 490 329 233 312 360 582 270 253 188 130 232
is_linear=0
shrinkage=0.1


Tree=6
num_leaves=31
num_cat=0
split_feature=1 1 0 0 0 3 3 3 1 1 1 3 1 1 0 0 3 1 0 1 3 0 3 0 1 0 0 0 1 0
split_gain=13.2009 3.38219 2.8074 1.51991 1.0913 0.892139 0.738374 0.678186 0.608375 0.521798 0.470923 0.4127 0.373206 0.33282 0.289616 0.254854 0.250247 0.20388 0.160724 0.15892 0.152244 0.145429 0.14529 0.143387 0.14076 0.138771 0.129124 0.119108 0.117393 0.107547
threshold=1.5000000000000002 2.5000000000000004 0.68579781055450451 0.74163156747818004 0.80579611659049999 1.0000000180025095e-35 1.0000000180025095e-35 1.0000000180025095e-35 1.0000000180025095e-35 3.5000000000000004 3.5000000000000004 1.0000000180025095e-35 1.0000000180025095e-35 1.0000000180025095e-35 0.8458877205848695 0.795131415128708 1.0000000180025095e-35 4.5000000000000009 0.88901787996292125 4.5000000000000009 1.0000000180025095e-35 0.84834700822830211 1.0000000180025095e-35 0.86694139242172252 1.0000000180025095e-35 0.57557615637779247 0.55312469601631176 0.60290887951850902 1.0000000180025095e-35 0.94858148694038402
decision_type=2 2 2 2 2 2 2 2 2 2 2 2 2 2 2 2 2 2 2 2 2 2 2 2 2 2 2 2 2 2
left_child=2 3 6 11 9 8 12 21 18 16 22 25 -1 -8 -10 24 -3 20 -4 -12 -11 -5 -6 -9 -7 -2 -18 -13 -17 -30
right_child=1 4 5 7 10 15 13 23 14 17 19 27 -14 -15 -16 28 26 -19 -20 -21 -22 -23 -24 -25 -26 -27 -28 -29 29 -31
leaf_value=-0.0012229502397046116 0.011821953868301413 0.013382228513002692 -0.0063702243197038631 0.0047785712166235807 0.0061115755383661582 -0.0096468541576442413 -0.00633711916760541 -0.0018256374092133405 -0.0001879021685051441 0.018783594754295072 0.0090725995486912632 0.0058434191874312093 0.0041571560092890794 -0.0011621097760068535 -0.0048719795755881729 -0.012258130466241551 0.01403047675266862 0.022823001444339755 -0.010808582969962857 0.017584584699943662 0.012253819984333539 0.00056984624767515083 0.0012178134250765047 -0.0059608039288515493 -0.0050767328749891198 0.0072452746842749443 0.0070333823147617908 0.0017285729635897738 -0.0082380521191605712 -0.012134521025835038
leaf_weight=210 97 201 222 144 117 110 204 161 253 69 75 120 334 318 276 230 32 50 129 31 74 191 126 175 174 209 150 170 249 99
leaf_count=210 97 201 222 144 117 110 204 161 253 69 75 120 334 318 276 230 32 50 129 31 74 191 126 175 174 209 150 170 249 99
internal_value=2.8736e-11 0.00581561 -0.00453982 0.00245931 0.0104128 -0.0070133 -0.000497798 -0.000804938 -0.00477353 0.0130865 0.00600019 0.00613433 0.00208028 -0.00318453 -0.00263177 -0.00929985 0.0109499 0.0173264 -0.00800142 0.011562 0.0154046 0.00237897 0.00357407 -0.00397937 -0.00684685 0.00869605 0.00826364 0.00343127 -0.0105051 -0.00934653
internal_weight=5000 2192 2808 1267 925 1742 1066 671 880 576 349 596 544 522 529 862 383 193 351 106 143 335 243 336 284 306 182 290 578 348
internal_count=5000 2192 2808 1267 925 1742 1066 671 880 576 349 596 544 522 529 862 383 193 351 106 143 335 243 336 284 306 182 290 578 348
is_linear=0
shrinkage=0.1


Tree=7
num_leaves=31
num_cat=0
split_feature=1 1 0 0 0 1 3 3 1 3 1 1 3 3 3 1 0 0 0 0 3 1 0 0 0 0 1 3 2 0
split_gain=10.6928 2.73957 2.27871 1.25339 0.947861 0.793229 0.618232 0.551952 0.529203 0.527075 0.371257 0.301587 0.295185 0.253974 0.247564 0.184328 0.173016 0.153313 0.14612 0.143485 0.136968 0.131643 0.124647 0.12246 0.122042 0.117147 0.105986 0.0972129 0.0969016 0.0967905
threshold=1.5000000000000002 2.5000000000000004 0.75748476386070263 0.68738672137260448 0.68406257033348095 1.0000000180025095e-35 1.0000000180025095e-35 1.0000000180025095e-35 3.5000000000000004 1.0000000180025095e-35 1.0000000180025095e-35 3.5000000000000004 1.0000000180025095e-35 1.0000000180025095e-35 1.0000000180025095e-35 4.5000000000000009 0.86171594262123119 0.90517860651016246 0.60740214586257946 0.91962972283363353 1.0000000180025095e-35 1.0000000180025095e-35 0.60290887951850902 0.56929969787597667 0.92590162158012401 0.90345004200935375 4.5000000000000009 1.0000000180025095e-35 1.0000000180025095e-35 0.56696090102195751
decision_type=2 2 2 2 2 2 2 2 2 2 2 2 2 2 2 2 2 2 2 2 2 2 2 2 2 2 2 2 2 2
left_child=2 3 5 12 11 13 17 10 14 18 -4 20 -2 23 -6 -10 28 -5 -7 -12 -3 -9 -11 -1 -23 -16 -13 -17 -8 -15
right_child=1 4 7 6 8 9 16 21 15 22 19 26 -14 29 25 27 -18 -19 -20 -21 -22 24 -24 -25 -26 -27 -28 -29 -30 -31
leaf_value=0.0010704662032279533 0.0087750052572462805 0.01394606849458893 -0.0079473057811133598 0.0037427605248535967 0.0072609184669308012 0.0050344382495199503 0.0039844980917678186 -0.01077567363329885 0.009352922299529302 8.3013324424603867e-05 -0.0018455763186876778 0.015972315712964962 0.0037732557305614925 -0.0033121001507105258 0.0038119865576719636 0.020370465184428865 -0.0052943075010541815 -0.0006232895251250247 0.0013790834337439255 -0.0057551165756566163 0.0090646990606736422 -0.0066879692178702464 -0.003356888347191252 -0.0034606147004610046 -0.010352433203502022 -0.0016875481500324828 0.02298404808188307 0.011697272830012179 -0.0019925974524616567 -0.0075395580291394192
leaf_weight=83 238 113 266 292 205 195 32 268 134 181 277 84 234 74 137 28 182 111 249 142 117 270 252 212 137 54 29 24 178 202
leaf_count=83 238 113 266 292 205 195 32 268 134 181 277 84 234 74 137 28 182 111 249 142 117 270 252 212 137 54 29 24 178 202
internal_value=5.76746e-12 0.00523405 -0.00408584 0.00221338 0.00937156 -0.00132506 -0.000210115 -0.00702526 0.00691409 0.000563508 -0.00502545 0.0135414 0.00629532 -0.00422572 0.00484748 0.011314 -0.00303761 0.0025402 0.00298448 -0.00317053 0.0114629 -0.00905469 -0.00191896 -0.00218577 -0.00792146 0.00225714 0.0177718 0.0163675 -0.0010818 -0.00640611
internal_weight=5000 2192 2808 1267 925 1448 795 1360 582 877 685 343 472 571 396 186 392 403 444 419 230 675 433 295 407 191 113 52 210 276
internal_count=5000 2192 2808 1267 925 1448 795 1360 582 877 685 343 472 571 396 186 392 403 444 419 230 675 433 295 407 191 113 52 210 276
is_linear=0
shrinkage=0.1


Tree=8
num_leaves=31
num_cat=0
split_feature=1 1 0 0 0 3 3 3 1 1 3 1 1 3 0 1 0 3 2 1 0 0 0 0 0 1 3 1 2 0
split_gain=8.66113 2.21905 1.887 1.01524 0.777448 0.597912 0.500768 0.452698 0.445416 0.421697 0.2391 0.232383 0.230537 0.220876 0.21091 0.204278 0.187906 0.178672 0.143989 0.13625 0.130226 0.125322 0.115274 0.112735 0.105241 0.103354 0.089889 0.0833353 0.0778433 0.0734509
threshold=1.5000000000000002 2.5000000000000004 0.67757901549339306 0.68738672137260448 0.65322408080101024 1.0000000180025095e-35 1.0000000180025095e-35 1.0000000180025095e-35 3.5000000000000004 1.0000000180025095e-35 1.0000000180025095e-35 1.0000000180025095e-35 3.5000000000000004 1.0000000180025095e-35 0.8458877205848695 1.0000000180025095e-35 0.81839299201965343 1.0000000180025095e-35 1.0000000180025095e-35 1.0000000180025095e-35 0.84834700822830211 0.93270072340965282 0.95304951071739208 0.83085075020790111 0.90345004200935375 4.5000000000000009 1.0000000180025095e-35 4.5000000000000009 1.0000000180025095e-35 0.53315225243568432
decision_type=2 2 2 2 2 2 2 2 2 2 2 2 2 2 2 2 2 2 2 2 2 2 2 2 2 2 2 2 2 2
left_child=2 3 7 10 12 9 20 11 13 21 -2 -1 26 23 -11 -9 19 25 -8 -7 -5 -4 -20 -6 -15 -10 -3 -14 -18 -12
right_child=1 4 5 6 8 16 18 15 17 14 29 -13 27 24 -16 -17 28 -19 22 -21 -22 -23 -24 -25 -26 -27 -28 -29 -30 -31
leaf_value=-0.00083677662912722136 0.0078975047146267567 0.012888596172338909 -0.0054174705147284957 0.0039924426308576627 0.0088756947959042053 -0.0080968030131866337 0.0022219572752695898 -0.0049178934815637581 0.011126876481546042 -5.312359275454323e-05 0.0076205066910811836 0.0034731079575934264 0.014984414183011611 0.0036161457422779863 -0.0039990809533370286 -0.0007704249753926381 -0.0058696765887725636 0.0071012226130527968 -0.0026254445889182109 -0.0042323572281535568 0.0003923193536243328 -0.0097668765659115961 -0.0074539673251759579 0.0043380173320765611 -0.0015187933213180967 0.017952592400533537 0.0086263414085058897 0.021776970631132524 -0.0092674620829860197 0.0026529141251489478
leaf_weight=205 238 97 268 212 121 153 51 197 78 266 35 321 73 153 276 299 80 93 281 226 191 88 60 100 54 31 101 24 429 199
leaf_count=205 238 97 268 212 121 153 51 197 78 266 35 321 73 153 276 299 80 93 281 226 191 88 60 100 54 31 101 24 429 199
internal_value=-1.1443e-11 0.00471065 -0.00367726 0.00199204 0.0084344 -0.00563823 -0.000189104 -0.000250346 0.00645057 -0.00381876 0.00566579 0.0017934 0.0126711 0.00462387 -0.0020625 -0.00241771 -0.0074782 0.010321 -0.00273385 -0.00579241 0.00228618 -0.0064926 -0.00347504 0.00682245 0.0022766 0.0130681 0.0107144 0.016665 -0.00873343 0.00339593
internal_weight=5000 2192 2808 1267 925 1786 795 1022 630 898 472 526 295 428 542 496 888 202 392 379 403 356 341 221 207 109 198 97 509 234
internal_count=5000 2192 2808 1267 925 1786 795 1022 630 898 472 526 295 428 542 496 888 202 392 379 403 356 341 221 207 109 198 97 509 234
is_linear=0
shrinkage=0.1


Tree=9
num_leaves=31
num_cat=0
split_feature=1 1 0 0 0 1 3 3 3 1 1 3 3 1 0 3 0 0 0 0 0 3 0 0 0 3 1 0 2 2
split_gain=7.01551 1.79743 1.542 0.844014 0.640183 0.594178 0.389866 0.305439 0.298924 0.284426 0.251705 0.240854 0.228222 0.195837 0.189399 0.148526 0.130351 0.129814 0.125962 0.125675 0.115812 0.114851 0.109187 0.0819841 0.0735198 0.0725418 0.0711538 0.0682724 0.0666397 0.0603056
threshold=1.5000000000000002 2.5000000000000004 0.79254552721977245 0.8000679910182954 0.80579611659049999 1.0000000180025095e-35 1.0000000180025095e-35 1.0000000180025095e-35 1.0000000180025095e-35 4.5000000000000009 4.5000000000000009 1.0000000180025095e-35 1.0000000180025095e-35 1.0000000180025095e-35 0.59731158614158641 1.0000000180025095e-35 0.56929969787597667 0.59918230772018444 0.60290887951850902 0.57557615637779247 0.55312469601631176 1.0000000180025095e-35 0.60290887951850902 0.93745881319046032 0.95702180266380321 1.0000000180025095e-35 1.0000000180025095e-35 0.94858148694038402 1.0000000180025095e-35 4.5000000000000009
decision_type=2 2 2 2 2 2 2 2 2 2 2 2 2 2 2 2 2 2 2 2 2 2 2 2 2 2 2 2 2 2
left_child=2 3 5 7 9 14 16 19 13 12 15 29 17 -4 25 -6 -7 -3 -9 -2 -14 -16 -8 -15 -13 -1 -10 -28 -18 -5
right_child=1 4 8 11 10 6 22 18 26 -11 -12 24 20 23 21 -17 28 -19 -20 -21 -22 -23 -24 -25 -26 -27 27 -29 -30 -31
leaf_value=0.00047644569796310478 0.0089725076876215875 0.01416200614138239 -0.006757658130061764 0.0018938188801753729 0.0054802148883585228 0.0046577718498451151 0.00015175444129670332 0.0044715721139558205 -0.0090415711587913151 0.016846182920038699 0.012812592771144644 -0.0025482521621828401 0.011685051364687886 -0.002076558791539688 -0.0033188986657612506 0.0011565187319196881 0.0045490089940543911 0.009470019663084181 0.00050900916141758041 0.0048249814165255639 0.0058856200340588385 -0.0066114752506935678 -0.0029411407383961277 -0.0054156699082226435 -0.0065541630123457789 -0.0031821993354796659 -0.0059061250746965804 -0.0090071287648187896 0.00057689313962446909 -0.0015416199204790046
leaf_weight=112 97 87 232 176 163 148 181 120 232 50 31 205 41 257 217 155 49 183 242 296 215 207 309 103 59 105 251 99 306 72
leaf_count=112 97 87 232 176 163 148 181 120 232 50 31 205 41 257 217 155 49 183 242 296 215 207 309 103 59 105 251 99 306 72
internal_value=-2.69651e-12 0.00423958 -0.00330953 0.00179284 0.00759096 -0.0013232 0.000208898 0.00391827 -0.00607415 0.00963874 0.00421125 -0.00134135 0.00895362 -0.004492 -0.00369664 0.00337275 0.00216457 0.0109819 0.00182257 0.00584867 0.00681444 -0.00492636 -0.00179866 -0.00303192 -0.00344351 -0.00129387 -0.00768348 -0.00678327 0.00112516 0.000896433
internal_weight=5000 2192 2808 1267 925 1634 993 755 1174 576 349 512 526 592 641 318 503 270 362 393 256 424 490 360 264 217 582 350 355 248
internal_count=5000 2192 2808 1267 925 1634 993 755 1174 576 349 512 526 592 641 318 503 270 362 393 256 424 490 360 264 217 582 350 355 248
is_linear=0
shrinkage=0.1


Tree=10
num_leaves=31
num_cat=0
split_feature=1 1 0 0 0 1 1 3 3 3 1 3 0 1 0 1 3 0 0 3 2 0 0 3 2 2 0 1 3 2
split_gain=5.68257 1.45592 1.27309 0.693681 0.534407 0.39562 0.321097 0.312951 0.299964 0.297747 0.175311 0.170704 0.156698 0.151296 0.140692 0.13417 0.132559 0.120467 0.105596 0.0989979 0.0913905 0.0830672 0.0792085 0.0719122 0.0695758 0.06708 0.0653999 0.0647935 0.0645381 0.0637008
threshold=1.5000000000000002 2.5000000000000004 0.67757901549339306 0.74163156747818004 0.65322408080101024 1.0000000180025095e-35 3.5000000000000004 1.0000000180025095e-35 1.0000000180025095e-35 1.0000000180025095e-35 3.5000000000000004 1.0000000180025095e-35 0.91376066207885753 1.0000000180025095e-35 0.89767932891845714 1.0000000180025095e-35 1.0000000180025095e-35 0.91539299488067638 0.82288396358490001 1.0000000180025095e-35 1.0000000180025095e-35 0.92877322435379039 0.55542752146720897 1.0000000180025095e-35 1.0000000180025095e-35 1.0000000180025095e-35 0.53315225243568432 4.5000000000000009 1.0000000180025095e-35 1.0000000180025095e-35
decision_type=2 2 2 2 2 2 2 2 2 2 2 2 2 2 2 2 2 2 2 2 2 2 2 2 2 2 2 2 2 2
left_child=2 3 9 11 10 18 12 14 21 13 -3 22 19 -1 29 -11 27 -9 23 -6 -10 -5 -2 -4 -17 -21 -13 -8 -12 -7
right_child=1 4 5 8 6 7 16 17 20 15 28 26 -14 -15 -16 24 -18 -19 -20 25 -22 -23 -24 -25 -26 -27 -28 -29 -30 -31
leaf_value=-0.00062856454737257302 0.0087537800783620175 0.0086381636035506321 -0.0036575731551972447 0.0024512377669014384 0.0062449138880643594 0.0026870683088178202 0.0093024831605502036 -0.0041673802938430645 0.001545743826268749 -0.0039477352454988313 0.0163802940246402 0.0064112989112202609 -2.0536122357715734e-05 0.0028490196932339316 -0.0038847854894962248 0.0032400885642301746 0.0056999641563868532 -0.0075008727355549741 -0.0075697507517517365 0.0074442968135162331 -0.0033430587851124649 -0.0011536219020558218 0.0048838451893084504 -0.0066380867032375477 -0.0011945979964056201 0.0018836664156997151 0.0018014839130987906 0.014706923273960485 0.011221178076812067 -0.0010745099314547748
leaf_weight=205 68 198 166 249 179 53 78 391 44 197 49 35 92 321 190 41 93 150 379 26 292 86 238 158 258 131 255 31 48 299
leaf_count=205 68 198 166 249 179 53 78 391 44 197 49 35 92 321 190 41 93 150 379 26 292 86 238 158 258 131 255 31 48 299
internal_value=-6.85369e-12 0.00381562 -0.00297858 0.00161355 0.00683186 -0.00458928 0.00518709 -0.00339017 -0.000591675 -0.000163784 0.0103444 0.00409629 0.00363613 0.00149369 -0.00169183 -0.00192151 0.00847329 -0.00509164 -0.00643657 0.00463736 -0.00270286 0.00152581 0.00574383 -0.00511103 -0.000586497 0.00280454 0.00235784 0.0108395 0.0138273 -0.000508136
internal_weight=5000 2192 2808 1267 925 1786 630 1083 671 1022 295 596 428 526 542 496 202 541 703 336 336 335 306 324 299 157 290 109 97 352
internal_count=5000 2192 2808 1267 925 1786 630 1083 671 1022 295 596 428 526 542 496 202 541 703 336 336 335 306 324 299 157 290 109 97 352
is_linear=0
shrinkage=0.1


Tree=11
num_leaves=31
num_cat=0
split_feature=1 1 0 0 0 1 3 3 1 3 1 3 0 1 0 0 0 3 3 3 0 0 2 2 0 2 3 0 2 0
split_gain=4.60288 1.1793 1.04318 0.580125 0.446019 0.3927 0.258768 0.218856 0.214619 0.183829 0.172021 0.146108 0.145503 0.129646 0.104443 0.103875 0.103287 0.102223 0.0974313 0.0944091 0.0942801 0.0892225 0.081956 0.0681819 0.0629501 0.0607069 0.0585102 0.0565608 0.0512283 0.0495609
threshold=1.5000000000000002 2.5000000000000004 0.80175548791885387 0.81167602539062511 0.80579611659049999 1.0000000180025095e-35 1.0000000180025095e-35 1.0000000180025095e-35 3.5000000000000004 1.0000000180025095e-35 4.5000000000000009 1.0000000180025095e-35 0.56929969787597667 1.0000000180025095e-35 0.60740214586257946 0.54902255535125744 0.62659350037574779 1.0000000180025095e-35 1.0000000180025095e-35 1.0000000180025095e-35 0.6051064431667329 0.62097719311714183 1.0000000180025095e-35 1.0000000180025095e-35 0.68988433480262767 1.0000000180025095e-35 1.0000000180025095e-35 0.9470483958721162 1.0000000180025095e-35 0.93590679764747631
decision_type=2 2 2 2 2 2 2 2 2 2 2 2 2 2 2 2 2 2 2 2 2 2 2 2 2 2 2 2 2 2
left_child=2 3 5 7 8 12 14 21 15 13 17 -5 -1 -4 -7 -3 -10 -6 -14 -17 -9 -2 -8 -15 -24 -11 -18 -25 -13 -19
right_child=1 4 9 11 10 6 22 20 16 25 -12 28 18 23 -16 19 26 29 -20 -21 -22 -23 24 27 -26 -27 -28 -29 -30 -31
leaf_value=-0.00037017048101006372 0.0065928288092180036 0.010467242339759 -0.0056772856525606867 0.00047872611366235547 0.0043828557486834422 0.0035130312769578245 0.0018430808468110627 0.0036707422457544544 0.013510753697010916 -0.0038208378003285522 0.010438351970045799 0.00098499219166114926 -0.0024778885805734228 0.00053479574597046033 0.00058562622402006618 0.0073800201464936516 0.011227323900785229 0.0019575207936897909 -0.0052513247460186027 0.003971734363525479 0.00031257037464101084 0.0035543936552474365 -0.0010873910163757372 -0.0024092953649987644 -0.0035838691915401639 -0.0067667901891742509 0.0067658385660527556 -0.0057163050179095832 -0.003563597491043664 -0.0019566803644208808
leaf_weight=160 156 56 218 231 163 195 64 123 74 82 31 28 260 59 325 176 53 109 247 151 261 254 280 216 158 476 66 68 214 46
leaf_count=160 156 56 218 231 163 195 64 123 74 82 31 28 260 59 325 176 53 109 247 151 261 254 280 216 158 476 66 68 214 46
internal_value=4.49247e-12 0.00343406 -0.00268072 0.0014522 0.00614868 -0.00111187 0.000119967 0.00310375 0.00785793 -0.00504872 0.00332767 -0.00132018 -0.00299933 -0.00377043 0.0016834 0.00648768 0.0105771 0.00263449 -0.00382905 0.00580616 0.00138823 0.00471048 -0.00149953 -0.00255849 -0.00198795 -0.00633387 0.00875289 -0.00320111 -0.00303731 0.000795887
internal_weight=5000 2192 2808 1267 925 1689 1022 794 576 1119 349 473 667 561 520 383 193 318 507 327 384 410 502 343 438 558 119 284 242 155
internal_count=5000 2192 2808 1267 925 1689 1022 794 576 1119 349 473 667 561 520 383 193 318 507 327 384 410 502 343 438 558 119 284 242 155
is_linear=0
shrinkage=0.1


Tree=12
num_leaves=31
num_cat=0
split_feature=1 1 0 0 0 1 3 1 0 3 3 1 3 3 2 0 1 3 0 0 3 0 2 2 2 2 1 2 3 1
split_gain=3.72833 0.95523 0.862645 0.481329 0.370944 0.301278 0.215366 0.203553 0.198426 0.190977 0.142134 0.135613 0.109724 0.103192 0.0994237 0.095908 0.0940899 0.0914313 0.0858982 0.0850297 0.0812471 0.0694756 0.0675018 0.0651426 0.0665676 0.106812 0.0628758 0.0609268 0.0603264 0.0556424
threshold=1.5000000000000002 2.5000000000000004 0.65984082221984874 0.68738672137260448 0.69191795587539684 1.0000000180025095e-35 1.0000000180025095e-35 3.5000000000000004 0.92385751008987438 1.0000000180025095e-35 1.0000000180025095e-35 4.5000000000000009 1.0000000180025095e-35 1.0000000180025095e-35 1.0000000180025095e-35 0.91376066207885753 1.0000000180025095e-35 1.0000000180025095e-35 0.88901787996292125 0.92385751008987438 1.0000000180025095e-35 0.90517860651016246 1.0000000180025095e-35 1.0000000180025095e-35 3.5000000000000004 4.5000000000000009 1.0000000180025095e-35 1.0000000180025095e-35 1.0000000180025095e-35 4.5000000000000009
decision_type=2 2 2 2 2 2 2 2 2 2 2 2 2 2 2 2 2 2 2 2 2 2 2 2 2 2 2 2 2 2
left_child=2 3 9 13 11 18 21 15 10 16 23 12 -3 -2 -11 27 -1 29 20 22 -4 -5 -8 -7 -25 -26 -16 -6 -29 -9
right_child=1 4 5 6 7 8 19 17 -10 14 -12 -13 -14 -15 26 -17 -18 -19 -20 -21 -22 -23 -24 24 25 -27 -28 28 -30 -31
leaf_value=-0.00025518668243943891 0.0053026668038933357 0.0093408447528418037 -0.0031489945250347674 0.0022379679910456665 0.0069667867063385944 0.0023549369333075391 0.002823929907754064 0.0072846496039056692 -0.0049885377891068523 0.0024555548310986365 -0.0031668305394804705 0.014494482396791379 0.0056764198489442563 0.0023453529060429709 -0.0035483836643598133 -0.00016328293435356538 0.0026169664090687958 0.0042891046465711154 -0.0067539884570669145 -0.0043470564251608676 -0.0056943644943492321 -0.00070114065822201308 -0.0016004926224704832 -0.00261799298394794 0.0029683864516312185 -0.0016739604669698356 -0.00093061765473815997 0.0043288679374356214 0.001217814858985315 0.012570138192469521
leaf_weight=188 238 160 244 292 44 63 40 69 270 58 437 30 167 234 154 92 290 83 241 102 258 111 250 166 79 133 227 139 113 28
leaf_count=188 238 160 244 292 44 63 40 69 270 58 437 30 167 234 154 92 290 83 241 102 258 111 250 166 79 133 227 139 113 28
internal_value=-7.29926e-13 0.00309066 -0.00241265 0.00130698 0.00553381 -0.0036332 -0.00019485 0.0039462 -0.00261774 0.000104325 -0.00188868 0.00805975 0.00746941 0.00383654 -0.00140155 0.00265681 0.00148733 0.00672556 -0.00520217 -0.00186369 -0.00445717 0.00142844 -0.000990227 -0.000622132 -0.00111831 5.59707e-05 -0.00198872 0.00353333 0.00293383 0.00881036
internal_weight=5000 2192 2808 1267 925 1891 795 568 1148 917 878 357 327 472 439 388 478 180 743 392 502 403 290 441 378 212 381 296 252 97
internal_count=5000 2192 2808 1267 925 1891 795 568 1148 917 878 357 327 472 439 388 478 180 743 392 502 403 290 441 378 212 381 296 252 97
is_linear=0
shrinkage=0.1


Tree=13
num_leaves=31
num_cat=0
split_feature=1 1 0 0 3 3 2 1 2 0 2 0 0 1 3 0 3 1 0 3 0 2 0 2 2 0 1 2 2 2
split_gain=3.01995 0.786134 0.716023 0.613469 0.266902 0.237699 0.184024 0.148083 0.144908 0.132124 0.128385 0.109626 0.109345 0.10859 0.0990598 0.0889586 0.0875615 0.0831945 0.080889 0.0615747 0.0607383 0.0590401 0.0583988 0.0527103 0.113046 0.0503949 0.0498191 0.0449694 0.0446821 0.0446481
threshold=1.5000000000000002 3.5000000000000004 0.78054019808769237 0.72027656435966503 1.0000000180025095e-35 1.0000000180025095e-35 1.0000000180025095e-35 1.0000000180025095e-35 1.0000000180025095e-35 0.62659350037574779 1.0000000180025095e-35 0.93421936035156261 0.544326812028885 1.0000000180025095e-35 1.0000000180025095e-35 0.92877322435379039 1.0000000180025095e-35 2.5000000000000004 0.90517860651016246 1.0000000180025095e-35 0.60290887951850902 1.0000000180025095e-35 0.56929969787597667 4.5000000000000009 3.5000000000000004 0.65146166086196911 4.5000000000000009 1.0000000180025095e-35 1.0000000180025095e-35 3.5000000000000004
decision_type=2 2 2 2 2 2 2 2 2 2 2 2 2 2 2 2 2 2 2 2 2 2 2 2 2 2 2 2 2 2
left_child=2 3 4 6 7 15 -2 21 -4 -3 -7 14 -8 27 -10 23 26 19 29 -14 -15 -1 -9 24 -5 -23 -11 -6 -24 -12
right_child=1 9 8 5 13 10 12 22 11 16 18 -13 17 20 -16 -17 -18 -19 -20 -21 -22 25 28 -25 -26 -27 -28 -29 -30 -31
leaf_value=0.0028631662935808752 0.0078702193852619867 0.011212116873797936 -0.0013581387328822679 0.0022197649487655301 -0.00024014394989030233 0.0027414946632149319 0.0059458985463101679 0.0032940929978099737 -0.0026070700351141646 0.0069430670674635285 -0.0019875426826585119 -0.0059938060239778101 0.003238370811774971 0.00030934072534736373 -0.0049163935534377408 -0.00049179232562892141 0.0042878369767869896 0.0045552673989357239 -0.0035668243427211658 0.00070762532589186029 -0.0020206143143177576 -0.00042103389472079774 0.0038317479317386948 0.00087787744557717812 0.0068038849945468707 -0.003098548344513845 0.011528645317549959 -0.0040060541211124996 0.00044100243976061943 0.00048980734801224487
leaf_weight=33 110 74 181 222 36 75 144 148 372 84 145 312 199 181 371 120 108 194 156 186 293 159 45 125 71 126 33 266 285 146
leaf_count=33 110 74 181 222 36 75 144 148 372 84 145 312 199 181 371 120 108 194 156 186 293 159 45 125 71 126 33 266 285 146
internal_value=-3.3847e-12 0.00278159 -0.00217138 0.00202895 -0.000755434 0.000433103 0.00405968 0.000531109 -0.00397225 0.00754664 -0.00108715 -0.00442074 0.00347992 -0.00207514 -0.00376018 0.00190815 0.00634111 0.00286663 -0.00172954 0.00201572 -0.00113091 -0.00114112 0.0016436 0.00259713 0.00333059 -0.00160478 0.00823644 -0.00355714 0.000903377 -0.000744611
internal_weight=5000 2192 2808 1893 1572 1060 833 796 1236 299 522 1055 723 776 743 538 225 579 447 385 474 318 478 418 293 285 117 302 330 291
internal_count=5000 2192 2808 1893 1572 1060 833 796 1236 299 522 1055 723 776 743 538 225 579 447 385 474 318 478 418 293 285 117 302 330 291
is_linear=0
shrinkage=0.1


Tree=14
num_leaves=31
num_cat=0
split_feature=1 1 0 0 0 0 1 1 0 2 0 3 1 3 3 3 2 3 3 3 1 3 3 2 0 3 2 2 3 2
split_gain=2.44616 0.672903 0.585799 0.33644 0.254987 0.220031 0.168755 0.15273 0.122444 0.119164 0.112418 0.0881807 0.0870617 0.0867119 0.0813281 0.0753295 0.0721146 0.0715492 0.0710339 0.0656354 0.0595554 0.0521402 0.0460613 0.0437822 0.0430728 0.0422547 0.0402052 0.0371587 0.0335686 0.0321304
threshold=1.5000000000000002 2.5000000000000004 0.80175548791885387 0.83085075020790111 0.82108929753303539 0.56929969787597667 1.0000000180025095e-35 4.5000000000000009 0.60290887951850902 1.0000000180025095e-35 0.59918230772018444 1.0000000180025095e-35 1.0000000180025095e-35 1.0000000180025095e-35 1.0000000180025095e-35 1.0000000180025095e-35 1.0000000180025095e-35 1.0000000180025095e-35 1.0000000180025095e-35 1.0000000180025095e-35 3.5000000000000004 1.0000000180025095e-35 1.0000000180025095e-35 5.5000000000000009 0.96227243542671215 1.0000000180025095e-35 1.0000000180025095e-35 1.0000000180025095e-35 1.0000000180025095e-35 4.5000000000000009
decision_type=2 2 2 2 2 2 2 2 2 2 2 2 2 2 2 2 2 2 2 2 2 2 2 2 2 2 2 2 2 2
left_child=2 3 5 8 7 16 21 10 28 24 22 -8 -11 20 -10 26 -1 -14 -18 -12 -6 27 -3 -13 25 -4 -5 -7 -2 -16
right_child=1 4 9 15 13 6 11 -9 14 12 19 23 17 -15 29 -17 18 -19 -20 -21 -22 -23 -24 -25 -26 -27 -28 -29 -30 -31
leaf_value=0.0046209025583317824 0.0050079593981091092 0.0089958242218320574 0.0014961925832810063 0.0034687083245565492 0.0024657891043918627 0.0017960853143595161 0.00059721751586234908 0.010899034669657923 0.0025209427702485316 -0.005337919575920314 0.0055644695229949727 -0.0010994332580778548 -0.0022573749138848119 0.0005950287680370355 0.00082568100068672757 -0.0025809416157871511 0.0019465864164805856 -0.0044942663914399527 -0.00079643225476944016 0.0029054003990853072 0.0063952018355485059 -0.0038980730642071597 0.0057601135809041866 -0.0040256808704666061 -0.0041378299082862214 -0.0021393942558488839 -0.00049351099632414326 -0.0022591233083933712 0.0027324093371832231 -0.0015164704413952522
leaf_weight=53 141 87 62 30 108 25 372 53 295 379 194 316 284 156 205 219 205 288 175 178 60 247 89 61 40 66 175 235 120 82
leaf_count=53 141 87 62 30 108 25 372 53 295 379 194 316 284 156 205 219 205 288 175 178 60 247 89 61 40 66 175 235 120 82
internal_value=-3.58894e-12 0.00250343 -0.00195425 0.00100637 0.004554 -0.0007786 -0.00144876 0.00577305 0.00216204 -0.00372874 0.00527729 -0.00049509 -0.00416248 0.00229272 0.00135497 -0.00129134 0.00116532 -0.00338364 0.000683354 0.00429212 0.00386915 -0.00285763 0.00735958 -0.00157291 -0.00127351 -0.000378407 8.6326e-05 -0.0018692 0.00396173 0.000156495
internal_weight=5000 2192 2808 1267 925 1689 1256 601 843 1119 548 749 951 324 582 424 433 572 380 372 168 507 176 377 168 128 205 260 261 287
internal_count=5000 2192 2808 1267 925 1689 1256 601 843 1119 548 749 951 324 582 424 433 572 380 372 168 507 176 377 168 128 205 260 261 287
is_linear=0
shrinkage=0.1


Tree=15
num_leaves=31
num_cat=0
split_feature=1 1 0 0 0 1 1 3 3 0 2 3 0 3 0 2 3 3 2 2 2 0 2 2 1 0 2 2 0 2
split_gain=1.98139 0.545052 0.490332 0.277287 0.210409 0.149708 0.147515 0.140444 0.113782 0.103132 0.0929877 0.0886373 0.0867326 0.0811817 0.0654174 0.0635212 0.0604655 0.0596404 0.0578403 0.0985459 0.0730234 0.0541214 0.0539015 0.191891 0.0488785 0.0473695 0.0457327 0.0419906 0.0404407 0.0386572
threshold=1.5000000000000002 2.5000000000000004 0.70260703563690197 0.68738672137260448 0.83400127291679393 1.0000000180025095e-35 4.5000000000000009 1.0000000180025095e-35 1.0000000180025095e-35 0.54690846800804149 1.0000000180025095e-35 1.0000000180025095e-35 0.93421936035156261 1.0000000180025095e-35 0.91962972283363353 1.0000000180025095e-35 1.0000000180025095e-35 1.0000000180025095e-35 4.5000000000000009 3.5000000000000004 1.0000000180025095e-35 0.95702180266380321 3.5000000000000004 4.5000000000000009 3.5000000000000004 0.65146166086196911 1.0000000180025095e-35 1.0000000180025095e-35 0.9663703739643098 3.5000000000000004
decision_type=2 2 2 2 2 2 2 2 2 2 2 2 2 2 2 2 2 2 2 2 2 2 2 2 2 2 2 2 2 2
left_child=2 3 5 16 6 15 9 10 28 -3 -4 -7 22 -11 18 -1 26 24 19 20 -9 27 -12 -24 -6 -17 -2 -10 -5 -29
right_child=1 4 7 8 17 11 -8 14 21 13 12 -13 -14 -15 -16 25 -18 -19 -20 -21 -22 -23 23 -25 -26 -27 -28 29 -30 -31
leaf_value=0.0019127189414575698 0.0084039644737328809 0.0080464667277773474 0.00064818273078546759 0.0012874226795378532 0.0019021308181417765 0.0018005104926116734 0.0099713632689886981 -0.00078184004862076161 0.0017836787236471235 0.0053509086573518124 -0.0028938220633036266 -0.00042497136646978329 -0.0044273284241811515 0.0028038739536929858 -0.0053028295158952035 -0.001390220164434023 0.0016842155242354946 0.00036176788385289358 -0.0048805953484936902 0.00015950500210237806 -0.00429730565242715 -0.0042386616765663536 0.0024084210635460747 -0.0028147706612192754 0.0056490188430028936 -0.0038745944243262285 0.0035167400592877444 -0.0025182907878770495 -0.0019911413839422279 -0.00018577122418382379
leaf_weight=46 21 77 117 361 98 363 57 77 48 258 246 353 162 243 217 310 234 138 162 96 254 59 111 192 54 102 217 150 42 135
leaf_count=46 21 77 117 361 98 363 57 77 48 258 246 353 162 243 217 310 234 138 162 96 254 59 111 192 54 102 217 150 42 135
internal_value=4.51681e-12 0.00225309 -0.00175882 0.000905735 0.0040986 -0.000199848 0.00511783 -0.00287891 -0.000234158 0.00463919 -0.00196422 0.000703311 -0.00239411 0.00411552 -0.00381858 -0.00161177 0.00282568 0.00186683 -0.00327175 -0.00266137 -0.00347951 -0.00144716 -0.00179414 -0.000901324 0.00323326 -0.00200528 0.00394797 -0.000952571 0.000945736 -0.00141341
internal_weight=5000 2192 2808 1267 925 1174 635 1634 795 578 828 716 711 501 806 458 472 290 589 427 331 392 549 303 152 412 238 333 403 285
internal_count=5000 2192 2808 1267 925 1174 635 1634 795 578 828 716 711 501 806 458 472 290 589 427 331 392 549 303 152 412 238 333 403 285
is_linear=0
shrinkage=0.1


Tree=16
num_leaves=31
num_cat=0
split_feature=1 1 0 0 1 2 3 2 0 2 3 0 2 0 2 2 2 2 0 0 0 2 2 3 3 0 0 3 2 2
split_gain=1.60492 0.460577 0.404203 0.343528 0.177744 0.157522 0.118642 0.111035 0.103269 0.0883767 0.0869914 0.0845786 0.0789776 0.0674887 0.0655156 0.217637 0.0618981 0.210664 0.0592751 0.0564375 0.050547 0.0494605 0.120987 0.0481694 0.0450133 0.0407631 0.0404477 0.0387402 0.0382014 0.0627448
threshold=1.5000000000000002 3.5000000000000004 0.64326518774032604 0.82930046319961559 1.0000000180025095e-35 1.0000000180025095e-35 1.0000000180025095e-35 1.0000000180025095e-35 0.94858148694038402 1.0000000180025095e-35 1.0000000180025095e-35 0.62659350037574779 1.0000000180025095e-35 0.57960009574890148 3.5000000000000004 4.5000000000000009 3.5000000000000004 4.5000000000000009 0.81702741980552684 0.86401391029357921 0.92590162158012401 3.5000000000000004 4.5000000000000009 1.0000000180025095e-35 1.0000000180025095e-35 0.72951611876487743 0.7478417456150056 1.0000000180025095e-35 3.5000000000000004 4.5000000000000009
decision_type=2 2 2 2 2 2 2 2 2 2 2 2 2 2 2 2 2 2 2 2 2 2 2 2 2 2 2 2 2 2
left_child=2 3 9 5 19 -2 13 -5 12 -1 21 -3 -6 -7 26 -16 25 18 -18 27 -9 -11 -23 -13 -19 -14 -8 -4 -15 -30
right_child=1 11 4 7 8 6 14 20 -10 10 -12 23 16 28 15 -17 17 24 -20 -21 -22 22 -24 -25 -26 -27 -28 -29 29 -31
leaf_value=0.0029217642299412248 0.0052727373009986769 0.0086077870421954802 -0.0019676598249679187 0.0027385920230293044 0.0010570419617362127 0.0049439977836054213 0.00048973886971114238 -0.00015998125000531594 -0.0037736363597434468 -0.00027735921153530053 -0.0012869011496028078 0.0061162986212288644 -0.00092344165124475614 0.001443524417673788 0.0058148377131376616 -0.00016739750399802586 0.004063498205084534 -0.0011560840980382636 0.00017097575080304132 -0.0046430200340713953 -0.0021099459500882128 0.0060419858858006556 0.00048631192225689348 0.0031876188330729575 -0.0036208685852044797 -0.003049164885635643 -0.002371807627548436 -0.003759143612907378 0.0055819194566888303 0.0020288764493551401
leaf_weight=109 167 74 237 94 134 133 188 315 185 182 343 117 129 220 95 169 83 160 74 291 230 54 143 108 138 300 67 246 78 137
leaf_count=109 167 74 237 94 134 133 188 315 185 182 343 117 129 220 95 169 83 160 74 291 230 54 143 108 138 300 67 246 78 137
internal_value=5.95523e-12 0.00202778 -0.00158294 0.00145169 -0.00236079 0.00241332 0.00197401 -0.000435452 -0.00160024 0.000267624 -0.00013307 0.00567507 -0.00120527 0.00297266 0.000881077 0.0019853 -0.00154819 -0.000735672 0.00222881 -0.0035429 -0.000982902 0.000911162 0.00200919 0.00471053 -0.00229749 -0.00240996 -0.000262118 -0.00288009 0.00236993 0.00331789
internal_weight=5000 2192 2808 1893 1977 1254 1087 639 1203 831 722 299 1018 568 519 264 884 455 157 774 545 379 197 225 298 429 255 483 435 215
internal_count=5000 2192 2808 1893 1977 1254 1087 639 1203 831 722 299 1018 568 519 264 884 455 157 774 545 379 197 225 298 429 255 483 435 215
is_linear=0
shrinkage=0.1


Tree=17
num_leaves=31
num_cat=0
split_feature=1 0 1 0 1 0 3 3 1 2 3 2 0 1 2 2 2 2 2 2 2 2 2 0 0 0 1 0 2 2
split_gain=1.31285 0.521036 0.324002 0.154808 0.14665 0.14487 0.131037 0.100537 0.0882395 0.0659903 0.0656941 0.0599556 0.0578649 0.05647 0.0560233 0.17443 0.0515207 0.0491773 0.106067 0.0587914 0.0474458 0.234978 0.0427085 0.0471145 0.0423952 0.0382922 0.0380456 0.0373923 0.0349644 0.0326927
threshold=2.5000000000000004 0.81702741980552684 1.0000000180025095e-35 0.65322408080101024 1.0000000180025095e-35 0.53315225243568432 1.0000000180025095e-35 1.0000000180025095e-35 4.5000000000000009 1.0000000180025095e-35 1.0000000180025095e-35 1.0000000180025095e-35 0.544326812028885 4.5000000000000009 3.5000000000000004 4.5000000000000009 1.0000000180025095e-35 4.5000000000000009 3.5000000000000004 1.0000000180025095e-35 3.5000000000000004 4.5000000000000009 1.0000000180025095e-35 0.93590679764747631 0.95304951071739208 0.9879293441772462 1.5000000000000002 0.52783659100532543 1.0000000180025095e-35 1.0000000180025095e-35
decision_type=2 2 2 2 2 2 2 2 2 2 2 2 2 2 2 2 2 2 2 2 2 2 2 2 2 2 2 2 2 2
left_child=1 2 12 13 -3 -4 9 25 10 -7 -5 -8 -1 16 26 -16 -2 18 19 -14 -13 -22 -12 -24 28 29 -11 -18 -9 -6
right_child=3 4 5 8 7 6 11 24 -10 14 22 20 17 -15 15 -17 27 -19 -20 -21 21 -23 23 -25 -26 -27 -28 -29 -30 -31
leaf_value=0.00041108701928087863 0.0080116678071631628 -0.0039172303938805626 0.0032972572866272129 0.0031675581372168577 0.0013632560859543536 0.003654358397177029 0.0017432060478246609 0.00015668018114714264 0.0062681537557070623 -0.00085030699180743132 0.003917730545224405 -0.0016223974946636282 0.00037271163992744943 0.0099407984448286399 0.0047891069070002158 0.00030177294113580878 0.0073306937106227613 -0.0034439469228642627 0.0016251972724878512 -0.0029858956169950095 0.0037565946526339523 -0.0017087250489946811 0.0011190743080625031 -0.0027331607082344005 -0.0040171999412573758 -0.0039448149324230412 0.0011887616631203605 0.0037341447558840303 -0.0024622518577649896 -0.00082885942845057476
leaf_weight=107 44 394 203 299 81 107 109 60 57 193 43 342 65 24 132 252 34 190 86 263 115 249 193 38 155 34 174 193 339 425
leaf_count=107 44 394 203 299 81 107 109 60 57 193 43 342 65 24 132 252 34 190 86 263 115 249 193 38 155 34 174 193 339 425
internal_value=-1.31859e-12 -0.000772023 8.5554e-05 0.00340107 -0.00226299 0.000774514 0.000468408 -0.00166722 0.00251582 0.00133096 0.00214255 -0.00043965 -0.00173229 0.00529161 0.000999926 0.00184429 0.00487988 -0.002112 -0.00150072 -0.00232032 -0.000776663 1.79556e-05 0.00102403 0.000485373 -0.00261366 -0.000696232 0.000116445 0.00427283 -0.00206843 -0.000477948
internal_weight=5000 4075 2587 925 1488 1876 1673 1094 630 858 573 815 711 295 751 384 271 604 414 328 706 364 274 231 554 540 367 227 399 506
internal_count=5000 4075 2587 925 1488 1876 1673 1094 630 858 573 815 711 295 751 384 271 604 414 328 706 364 274 231 554 540 367 227 399 506
is_linear=0
shrinkage=0.1


Tree=18
num_leaves=31
num_cat=0
split_feature=1 1 0 0 3 2 0 2 2 0 2 2 1 0 2 3 3 0 2 2 0 3 1 2 2 0 1 1 3 0
split_gain=1.10028 0.311066 0.287007 0.243273 0.123493 0.122526 0.100417 0.076038 0.0759357 0.068481 0.0614344 0.230753 0.058527 0.0584796 0.0515972 0.0545756 0.0496856 0.0477995 0.0439456 0.143094 0.0433571 0.0333035 0.032605 0.031847 0.0438471 0.0314332 0.0301169 0.0287145 0.0285903 0.0276966
threshold=1.5000000000000002 3.5000000000000004 0.62342023849487316 0.65585827827453624 1.0000000180025095e-35 1.0000000180025095e-35 0.88472285866737377 1.0000000180025095e-35 1.0000000180025095e-35 0.93421936035156261 3.5000000000000004 4.5000000000000009 1.0000000180025095e-35 0.87534609436988842 1.0000000180025095e-35 1.0000000180025095e-35 1.0000000180025095e-35 0.87705254554748546 3.5000000000000004 4.5000000000000009 0.52783659100532543 1.0000000180025095e-35 4.5000000000000009 3.5000000000000004 4.5000000000000009 0.96227243542671215 1.0000000180025095e-35 2.5000000000000004 1.0000000180025095e-35 0.51830527186393749
decision_type=2 2 2 2 2 2 2 2 2 2 2 2 2 2 2 2 2 2 2 2 2 2 2 2 2 2 2 2 2 2
left_child=2 3 14 7 8 27 10 -2 25 18 21 -12 -6 16 -1 29 22 -14 -10 -20 -9 -7 -3 -22 -25 -4 -21 -5 -8 -16
right_child=1 13 4 5 12 6 28 20 9 -11 11 -13 17 -15 15 -17 -18 -19 19 26 23 -23 -24 24 -26 -27 -28 -29 -30 -31
leaf_value=0.0026595364611045188 0.0060407724390696624 0.0058291913151448035 0.001693404263915777 0.0018616534076441424 -0.0036118506997084238 0.00071598048788502878 -0.00040789730691210223 0.0045644341239537995 -0.001895508216762144 -0.0033407918224254924 0.0050292710681597505 -0.00015401832546140993 -0.0014528465308348342 0.0019696086053810425 0.0031781547054249258 -0.00086970635251957759 0.0039106122097607868 -0.0033035750212868499 0.0022621438697908399 -0.0030689504290314614 0.0012824708906605496 -0.0011841167018957479 0.0095510912951795035 0.0047468284189866004 0.0017627826042692449 -0.0022794738780551899 -0.00087010051120159923 0.0044066880647416996 -0.0021965685294856887 0.00060034793208954182
leaf_weight=89 68 89 117 124 409 186 172 84 347 162 129 257 416 63 49 307 115 210 137 102 232 183 32 84 119 24 160 69 186 279
leaf_count=89 68 89 117 124 409 186 172 84 347 162 129 257 416 63 49 307 115 210 137 102 232 183 32 84 119 24 160 69 186 279
internal_value=4.77386e-12 0.00167898 -0.00131066 0.00120554 -0.00190655 0.000445527 4.21853e-05 0.00289646 -0.00114191 -0.00147719 0.000696255 0.00157822 -0.00268153 0.00467638 0.000404593 8.85461e-05 0.00539895 -0.0020737 -0.00107249 -0.00035673 0.00248449 -0.000226344 0.0068135 0.00208285 0.00299756 0.00101717 -0.00172614 0.00277154 -0.00133721 0.000985447
internal_weight=5000 2192 2808 1893 2084 1306 1113 587 1049 908 755 386 1035 299 724 635 236 626 746 399 519 369 121 435 203 141 262 193 358 328
internal_count=5000 2192 2808 1893 2084 1306 1113 587 1049 908 755 386 1035 299 724 635 236 626 746 399 519 369 121 435 203 141 262 193 358 328
is_linear=0
shrinkage=0.1


Tree=19
num_leaves=31
num_cat=0
split_feature=1 0 1 0 3 1 1 3 0 0 0 2 2 2 3 2 2 2 2 3 2 2 2 1 0 0 3 2 1 0
split_gain=0.89615 0.357211 0.219683 0.111017 0.106618 0.101285 0.0919292 0.0677677 0.0677481 0.0573334 0.0533205 0.0451067 0.13801 0.0616723 0.0448017 0.0409218 0.036071 0.0387034 0.090715 0.0331466 0.0305268 0.0746459 0.0422098 0.0324032 0.0303242 0.0272297 0.0262346 0.0262076 0.0257366 0.0220506
threshold=2.5000000000000004 0.81702741980552684 1.0000000180025095e-35 0.87906971573829662 1.0000000180025095e-35 1.0000000180025095e-35 4.5000000000000009 1.0000000180025095e-35 0.59918230772018444 0.56929969787597667 0.52917867898941051 4.5000000000000009 3.5000000000000004 1.0000000180025095e-35 1.0000000180025095e-35 1.0000000180025095e-35 1.0000000180025095e-35 3.5000000000000004 4.5000000000000009 1.0000000180025095e-35 4.5000000000000009 3.5000000000000004 1.0000000180025095e-35 1.5000000000000002 0.95304951071739208 0.52156502008438121 1.0000000180025095e-35 1.0000000180025095e-35 1.5000000000000002 0.93745881319046032
decision_type=2 2 2 2 2 2 2 2 2 2 2 2 2 2 2 2 2 2 2 2 2 2 2 2 2 2 2 2 2 2
left_child=1 2 15 6 9 -3 8 20 26 -4 -6 12 13 -12 -10 -1 -11 28 -19 25 21 22 -7 -23 27 -17 -2 -9 -18 -5
right_child=3 5 4 29 10 7 -8 24 14 16 11 -13 -14 -15 -16 19 17 18 -20 -21 -22 23 -24 -25 -26 -27 -28 -29 -30 -31
leaf_value=0.00072116295908742788 0.0059564852252088751 -0.0032471262956892248 0.0027310941560217735 0.001692721620726458 0.0022042332284978659 0.00097832014767096982 0.0070403274543221206 0.00023327010169547674 0.0033635563612898047 0.0027631968193785957 0.0013783194608189301 -0.0015032921106858594 0.0032014219577040817 -0.0013296997357059501 0.0014364169641277499 0.0023259686417472754 -0.0010434792985063561 0.0037135381527416064 0.00021394130250650221 -0.002440349697222653 -0.0017813081481634935 0.00068238372958423401 -0.0016665200949948764 0.004401103431674918 -0.0033413039102789862 -0.0012430163824199542 0.0035145232995469756 -0.0020341106136420478 0.0007879650798123289 -0.00040092097365034181
leaf_weight=79 87 394 235 111 88 85 63 60 249 94 111 251 115 347 234 23 156 113 215 306 152 53 208 42 155 303 89 339 151 92
leaf_count=79 87 394 235 111 88 85 63 60 249 94 111 251 115 347 234 23 156 113 215 306 152 53 208 42 155 303 89 339 151 92
internal_value=-1.05166e-11 -0.000637841 7.22305e-05 0.00280995 0.000639537 -0.00187235 0.00339085 -0.00137723 0.00304196 0.0013728 -0.000135529 -0.000385407 0.000104278 -0.000673389 0.00242991 -0.00142463 0.000934935 0.000664295 0.0014196 -0.00169285 -0.000580047 -0.000109449 -0.000899246 0.00232645 -0.00215428 -0.000991217 0.00472163 -0.00169315 -0.000142671 0.000743879
internal_weight=5000 4075 2587 925 1876 1488 722 1094 659 964 912 824 573 458 483 711 729 635 328 632 540 388 293 95 554 326 176 399 307 203
internal_count=5000 4075 2587 925 1876 1488 722 1094 659 964 912 824 573 458 483 711 729 635 328 632 540 388 293 95 554 326 176 399 307 203
is_linear=0
shrinkage=0.1


Tree=20
num_leaves=31
num_cat=0
split_feature=1 1 0 0 2 3 3 2 2 2 0 0 0 2 1 2 0 2 2 2 2 2 0 1 0 1 1 0 2 0
split_gain=0.751571 0.212364 0.204007 0.171443 0.0778712 0.0678592 0.0660435 0.0644071 0.18504 0.101655 0.0469471 0.0426769 0.0412929 0.0383952 0.0372968 0.0320812 0.0320449 0.0303527 0.0535261 0.0301115 0.0812544 0.0395723 0.0291434 0.0342579 0.0268253 0.0259999 0.0254953 0.022549 0.0222808 0.022231
threshold=1.5000000000000002 3.5000000000000004 0.72517535090446483 0.72027656435966503 1.0000000180025095e-35 1.0000000180025095e-35 1.0000000180025095e-35 4.5000000000000009 3.5000000000000004 1.0000000180025095e-35 0.62659350037574779 0.52783659100532543 0.81702741980552684 1.0000000180025095e-35 1.0000000180025095e-35 1.0000000180025095e-35 0.53558674454689037 3.5000000000000004 4.5000000000000009 4.5000000000000009 3.5000000000000004 1.0000000180025095e-35 0.93913727998733532 4.5000000000000009 0.96441689133644115 1.0000000180025095e-35 2.5000000000000004 0.81167602539062511 5.5000000000000009 0.83741989731788646
decision_type=2 2 2 2 2 2 2 2 2 2 2 2 2 2 2 2 2 2 2 2 2 2 2 2 2 2 2 2 2 2
left_child=2 3 5 4 -2 15 19 8 9 -4 -3 -6 -10 -8 -7 -1 -17 26 -19 20 21 -5 23 -12 -15 -18 -13 -21 -16 -23
right_child=1 10 7 6 11 14 13 -9 12 -11 22 17 -14 24 28 16 25 18 -20 27 -22 29 -24 -25 -26 -27 -28 -29 -30 -31
leaf_value=0.0024920095616835173 0.0045487784255634654 0.0060492334207771607 -0.00032687021356984149 0.0025456005388772803 0.0038118970577627241 -0.0018586766784440497 0.001445241906059285 -0.0029055010361500881 0.0026732795655003763 -0.0028242106239085903 0.0027728567772840433 8.9355149198795151e-05 -1.7691989009625014e-05 -0.00068894401054327419 4.8877378593790642e-05 0.0018761703075417142 -0.00094333282174072035 0.0038276070342770502 0.0010932554804158454 0.0013969503739975732 0.0039988884776033483 0.00098393050027126934 -0.00022713821938099424 0.0057705185102189293 -0.0029302428604780525 0.00057086118818777665 0.0018915585584472865 -0.0011151219282171452 -0.0019914013241759676 -0.0010643956061501644
leaf_weight=76 110 74 221 76 84 245 75 429 88 621 151 211 162 385 327 106 192 116 187 55 92 99 23 51 62 277 125 102 64 114
leaf_count=76 110 74 221 76 84 245 75 429 88 621 151 211 162 385 327 106 192 116 187 55 92 99 23 51 62 277 125 102 64 114
internal_value=2.77402e-12 0.00138764 -0.00108323 0.000996461 0.00206999 -0.000156618 0.000152826 -0.00186729 -0.00145942 -0.00216873 0.00386427 0.00169286 0.00092953 -0.000648516 -0.000891262 0.000561099 0.000305883 0.0014143 0.00214007 0.000930337 0.00141058 0.000586622 0.00314566 0.00352969 -0.000999818 -4.90221e-05 0.000759818 -0.000235097 -0.000285081 -0.000112357
internal_weight=5000 2192 2808 1893 833 1287 1060 1521 1092 842 299 723 250 522 636 651 575 639 303 538 381 289 225 202 447 469 336 157 391 213
internal_count=5000 2192 2808 1893 833 1287 1060 1521 1092 842 299 723 250 522 636 651 575 639 303 538 381 289 225 202 447 469 336 157 391 213
is_linear=0
shrinkage=0.1


Tree=21
num_leaves=31
num_cat=0
split_feature=1 0 1 3 1 3 0 0 1 0 3 0 2 0 3 2 2 2 2 2 2 2 2 2 2 2 2 0 0 1
split_gain=0.611087 0.256213 0.145914 0.0827386 0.0748557 0.0743361 0.0580688 0.0471221 0.0435707 0.0431357 0.0425795 0.0349244 0.0321701 0.0279404 0.0293356 0.0278347 0.0914641 0.0266535 0.111105 0.0401155 0.0258459 0.0253367 0.0390843 0.0238442 0.0237623 0.0231609 0.052699 0.0210451 0.0205465 0.0194477
threshold=2.5000000000000004 0.65763244032859813 1.0000000180025095e-35 1.0000000180025095e-35 1.0000000180025095e-35 1.0000000180025095e-35 0.52783659100532543 0.87705254554748546 3.5000000000000004 0.75575494766235363 1.0000000180025095e-35 0.9879293441772462 1.0000000180025095e-35 0.92877322435379039 1.0000000180025095e-35 3.5000000000000004 4.5000000000000009 4.5000000000000009 3.5000000000000004 1.0000000180025095e-35 1.0000000180025095e-35 4.5000000000000009 3.5000000000000004 1.0000000180025095e-35 1.0000000180025095e-35 3.5000000000000004 4.5000000000000009 0.88665375113487255 0.8805164396762849 1.5000000000000002
decision_type=2 2 2 2 2 2 2 2 2 2 2 2 2 2 2 2 2 2 2 2 2 2 2 2 2 2 2 2 2 2
left_child=1 4 13 11 -1 6 -2 17 28 23 29 12 -4 14 21 -14 -17 18 19 -5 -12 22 24 -7 -3 -22 -27 -10 -8 -6
right_child=5 2 3 7 10 9 8 -9 27 -11 20 -13 15 -15 -16 16 -18 -19 -20 -21 25 -23 -24 -25 -26 26 -28 -29 -30 -31
leaf_value=-0.0005902017573518808 0.0082085109654475349 0.0012166964540514967 0.0015063540979290146 0.00081862495451145263 0.0012157230391806168 0.0049100399948656566 0.0027187325110035244 -0.002160056234235487 0.0050325040045208881 0.00036102759065370096 0.0023273457112372854 -0.003139824364402825 -0.00074127277787986465 -0.0034699055887423939 -0.0026367995902570537 0.0023093302684558978 -0.00065497853212895685 -0.0017683566432701216 0.0028529381409911863 -0.0016498324109369144 -0.00072687770850948081 -0.0026296967783095214 0.001992316373313467 0.0019352828721664692 -0.0019629626412126762 0.0030742645054461734 -0.00032725060956358023 0.002223246014410896 0.00077850579753072123 0.0024919102486029906
leaf_weight=360 22 29 143 85 286 31 236 373 112 212 60 34 385 153 305 163 288 184 88 292 181 89 45 206 124 69 134 35 71 205
leaf_count=360 22 29 143 85 286 31 236 373 112 212 60 34 385 153 305 163 288 184 88 292 181 89 45 206 124 69 134 35 71 205
internal_value=-1.4239e-12 -0.000526713 -0.0010679 -0.000629551 0.000635069 0.00232038 0.00319104 -0.00126437 0.0029479 0.00139737 0.00110683 1.09098e-05 0.000120333 -0.00226528 -0.00195395 -0.00011675 0.000416379 -0.000749595 -0.000346472 -0.00109328 0.000397181 -0.00122826 -0.000598328 0.00232439 -0.00136028 9.55932e-05 0.000828929 0.00436363 0.00227002 0.00174855
internal_weight=5000 4075 2780 2035 1295 925 476 1022 454 449 935 1013 979 745 592 836 451 649 465 377 444 287 198 237 153 384 203 147 307 491
internal_count=5000 4075 2780 2035 1295 925 476 1022 454 449 935 1013 979 745 592 836 451 649 465 377 444 287 198 237 153 384 203 147 307 491
is_linear=0
shrinkage=0.1


Tree=22
num_leaves=31
num_cat=0
split_feature=1 0 0 1 3 2 0 1 1 0 2 2 2 2 0 0 2 2 2 2 2 2 1 1 3 2 2 0 0 3
split_gain=0.514826 0.14491 0.14304 0.0902058 0.0683247 0.0647855 0.0399008 0.0427131 0.0393108 0.0365613 0.0374155 0.0331569 0.108183 0.039867 0.0326085 0.0321028 0.0319148 0.0373793 0.0861456 0.0297832 0.0310127 0.11858 0.0235426 0.0229444 0.0216711 0.0199961 0.0197574 0.0193153 0.0184173 0.018346
threshold=1.5000000000000002 0.65322408080101024 0.62342023849487316 2.5000000000000004 1.0000000180025095e-35 1.0000000180025095e-35 0.93745881319046032 4.5000000000000009 4.5000000000000009 0.95017054677009594 1.0000000180025095e-35 4.5000000000000009 3.5000000000000004 1.0000000180025095e-35 0.87705254554748546 0.52783659100532543 1.0000000180025095e-35 3.5000000000000004 4.5000000000000009 1.0000000180025095e-35 3.5000000000000004 4.5000000000000009 1.0000000180025095e-35 1.0000000180025095e-35 1.0000000180025095e-35 3.5000000000000004 1.5000000000000002 0.53558674454689037 0.81569874286651622 1.0000000180025095e-35
decision_type=2 2 2 2 2 2 2 2 2 2 2 2 2 2 2 2 2 2 2 2 2 2 2 2 2 2 2 2 2 2
left_child=2 5 19 11 9 -2 7 16 15 10 -4 12 13 -3 23 -7 -5 -18 -19 -1 -21 29 -12 -6 25 -17 -8 -23 -15 -22
right_child=1 3 4 6 14 8 26 -9 -10 -11 22 -13 -14 28 -16 24 17 18 -20 20 21 27 -24 -25 -26 -27 -28 -29 -30 -31
leaf_value=0.002027570200635034 0.0049649649590719491 0.0012271249817458738 0.0011876572111510237 0.00349115408104341 -0.00219573096333063 0.0035236372896715212 0.0016024658667447512 0.0047634336295152976 0.0063552282546879731 -0.002240508446112459 -0.0014198873235363864 -0.00098900763877913644 0.0029434058535116494 -8.404367311313921e-05 -0.0027104346749249352 0.0014126830766207144 0.00030591965059668512 0.0051105866276296135 0.00076191883476828975 -0.00063234480851623504 0.0051342437921567067 0.00090713810880997171 -0.00030975811180259782 -0.0010334045514941164 0.00081211721982665189 0.0032428225369819687 -0.0014743993119918743 -0.0011124280551881292 -0.0014963988492540509 0.0023800660157576206
leaf_weight=89 84 125 113 74 287 95 32 46 20 142 320 262 128 173 332 146 212 68 138 314 46 68 474 416 230 101 60 156 198 51
leaf_count=89 84 125 113 74 287 95 32 46 20 142 320 262 128 173 332 146 212 68 138 314 46 68 474 416 230 101 60 156 198 51
internal_value=-2.80674e-12 0.00114848 -0.000896535 0.00060554 -0.00131721 0.00236608 0.00152031 0.00184941 0.00199732 -0.000748462 -0.000514867 -4.49209e-05 0.000351474 -0.000317411 -0.00189366 0.00184495 0.00157696 0.00123809 0.0021974 0.000314368 7.42503e-05 0.000765437 -0.000757165 -0.00150792 0.00151062 0.00216104 -0.000404185 -0.000499345 -0.000837807 0.00368617
internal_weight=5000 2192 2808 1516 2084 676 630 538 592 1049 907 886 624 496 1035 572 492 418 206 724 635 321 794 703 477 247 92 224 371 97
internal_count=5000 2192 2808 1516 2084 676 630 538 592 1049 907 886 624 496 1035 572 492 418 206 724 635 321 794 703 477 247 92 224 371 97
is_linear=0
shrinkage=0.1


Tree=23
num_leaves=31
num_cat=0
split_feature=1 1 0 0 3 3 0 2 2 2 0 0 0 0 2 2 2 2 1 2 2 3 2 0 0 2 2 2 0 0
split_gain=0.417009 0.122833 0.120429 0.0960201 0.057495 0.0550041 0.0354275 0.0330518 0.0828442 0.0477759 0.0310809 0.030821 0.0272407 0.02722 0.0264707 0.024506 0.0302495 0.0244896 0.0240337 0.0219835 0.0402102 0.0217415 0.0208161 0.0204743 0.0193015 0.0182545 0.079042 0.0282279 0.0165657 0.0163578
threshold=1.5000000000000002 3.5000000000000004 0.78054019808769237 0.88236519694328319 1.0000000180025095e-35 1.0000000180025095e-35 0.54902255535125744 4.5000000000000009 3.5000000000000004 1.0000000180025095e-35 0.54247352480888378 0.62659350037574779 0.51830527186393749 0.6010674536228181 1.0000000180025095e-35 3.5000000000000004 4.5000000000000009 1.0000000180025095e-35 1.0000000180025095e-35 4.5000000000000009 3.5000000000000004 1.0000000180025095e-35 1.0000000180025095e-35 0.99204844236373912 0.81167602539062511 4.5000000000000009 3.5000000000000004 1.0000000180025095e-35 0.68406257033348095 0.87705254554748546
decision_type=2 2 2 2 2 2 2 2 2 2 2 2 2 2 2 2 2 2 2 2 2 2 2 2 2 2 2 2 2 2
left_child=2 3 4 5 12 6 -2 8 9 -4 -6 -3 -1 -7 -8 -16 -17 -5 -14 20 22 -13 -12 -19 -18 26 27 -15 -24 -9
right_child=1 11 7 17 10 13 14 29 -10 -11 19 21 18 25 15 16 24 23 -20 -21 -22 -23 28 -25 -26 -27 -28 -29 -30 -31
leaf_value=0.0025837149580743594 0.0036091498941459577 0.0046875514396216775 -0.00035261754657255062 0.001283198551486674 0.0005465653266627221 0.0015271028580153903 0.0031081161561265025 -0.0016059245222856348 0.00053635710231369224 -0.0022408558066898026 0.00019941997924456147 0.0032793651525981921 -0.00048098464067274728 0.001413457565015564 0.00058808125314738214 0.0032377172225997565 0.001608508839079333 -0.00069695969735870944 0.00067956860824600095 -0.0020041033767594137 0.0012186953517170076 0.0013117909530087168 -0.0010194360018159522 -0.003911712337953975 -0.001049596378374297 -0.00081799117575849414 0.0033788073616482224 -0.00079289238032755104 -0.0026195530121856671 -0.0030157213333687864
leaf_weight=52 88 74 181 61 134 189 86 147 205 516 82 117 297 78 293 105 139 350 447 198 85 108 174 21 34 147 76 226 103 187
leaf_count=52 88 74 181 61 134 189 86 147 205 516 82 117 297 78 293 105 139 350 447 198 85 108 174 21 34 147 76 226 103 187
internal_value=3.60685e-12 0.00103363 -0.000806881 0.000736125 -0.000226183 0.0011234 0.00172492 -0.00154544 -0.00123077 -0.00175051 -0.000838695 0.00291718 0.00037094 0.000497518 0.00147255 0.00122621 0.00189877 -0.000573627 0.000216283 -0.00112783 -0.000737059 0.00233493 -0.00120012 -0.000878927 0.00108611 0.000128275 0.00049433 -0.000226789 -0.00161443 -0.00239524
internal_weight=5000 2192 2808 1893 1572 1461 745 1236 902 697 776 299 796 716 657 571 278 432 744 642 444 225 359 371 173 527 380 304 277 334
internal_count=5000 2192 2808 1893 1572 1461 745 1236 902 697 776 299 796 716 657 571 278 432 744 642 444 225 359 371 173 527 380 304 277 334
is_linear=0
shrinkage=0.1


Tree=24
num_leaves=31
num_cat=0
split_feature=1 0 1 0 2 0 3 2 2 1 3 3 2 2 2 1 3 2 2 2 0 0 2 3 0 0 1 1 0 2
split_gain=0.349916 0.145137 0.0969764 0.053589 0.0500891 0.0427185 0.0396714 0.0392289 0.0835974 0.0355354 0.0251712 0.0242064 0.0227845 0.0722958 0.0333633 0.0195636 0.0182104 0.0170914 0.0329307 0.0584588 0.0192736 0.017043 0.0169064 0.0168519 0.0148331 0.0146576 0.0128751 0.0128259 0.0123694 0.0121249
threshold=2.5000000000000004 0.86171594262123119 1.0000000180025095e-35 0.55542752146720897 1.0000000180025095e-35 0.60969197750091564 1.0000000180025095e-35 3.5000000000000004 4.5000000000000009 1.0000000180025095e-35 1.0000000180025095e-35 1.0000000180025095e-35 4.5000000000000009 3.5000000000000004 1.0000000180025095e-35 4.5000000000000009 1.0000000180025095e-35 1.0000000180025095e-35 3.5000000000000004 4.5000000000000009 0.60290887951850902 0.52156502008438121 1.0000000180025095e-35 1.0000000180025095e-35 0.8458877205848695 0.9879293441772462 3.5000000000000004 1.5000000000000002 0.93590679764747631 1.0000000180025095e-35
decision_type=2 2 2 2 2 2 2 2 2 2 2 2 2 2 2 2 2 2 2 2 2 2 2 2 2 2 2 2 2 2
left_child=1 2 11 22 24 23 17 15 26 29 25 21 13 14 -8 28 -10 -5 27 20 -20 -1 -4 -6 -2 -11 -9 -19 -7 -3
right_child=4 9 3 6 5 7 12 8 16 10 -12 -13 -14 -15 -16 -17 -18 18 19 -21 -22 -23 -24 -25 -26 -27 -28 -29 -30 -31
leaf_value=0.0020623036140862568 0.0041445370523724703 -0.00085028830062772924 0.0034764792474389484 0.0017172295733951359 0.0038627492833212471 0.00022505501221611077 0.00087371646493055941 0.0032666069307651924 0.0014568107499923957 -0.00030819768778626622 -0.001579889383384188 -0.0015079754118133759 -0.001157465238930644 0.0021521387542145758 -0.0010233940971450376 0.0026813884514073532 -0.0005251951221129801 -0.0008055193049558648 0.005138484674031274 0.00014219859174701533 0.0021237059956942888 -0.00058411257209196562 0.0012164509169625564 0.0018962464169524009 0.0019235305800446992 -0.0024737936850322191 0.0055417753543128799 0.00035328496910201818 -0.0019243379938416183 -0.0025872123213239798
leaf_weight=26 100 48 37 114 82 249 122 72 105 387 416 404 260 121 386 30 83 201 26 255 115 380 314 93 43 34 38 182 30 247
leaf_count=26 100 48 37 114 82 249 122 72 105 387 416 404 260 121 386 30 83 201 26 255 115 380 314 93 43 34 38 182 30 247
internal_value=4.62933e-13 -0.000398569 -2.84398e-05 0.000325301 0.00175586 0.00144118 0.000102846 0.00104433 0.00186294 -0.00136084 -0.00102821 -0.000959957 -0.000370044 -4.45595e-05 -0.000567789 0.000254855 0.000581776 0.000573617 0.000406259 0.00104568 0.00267962 -0.000414638 0.00145469 0.00281769 0.00347668 -0.000483091 0.00405257 -0.00025486 -6.06252e-06 -0.00230459
internal_weight=5000 4075 2943 2133 925 782 1782 607 298 1132 837 810 889 629 508 309 188 893 779 396 141 406 351 175 143 421 110 383 279 295
internal_count=5000 4075 2943 2133 925 782 1782 607 298 1132 837 810 889 629 508 309 188 893 779 396 141 406 351 175 143 421 110 383 279 295
is_linear=0
shrinkage=0.1


Tree=25
num_leaves=31
num_cat=0
split_feature=1 0 0 1 3 2 2 2 0 0 0 3 3 3 2 0 0 2 2 1 2 0 2 2 0 0 0 1 2 2
split_gain=0.285001 0.0844878 0.0843932 0.0715461 0.0373452 0.0363015 0.103576 0.0517475 0.0306871 0.0264637 0.0244416 0.0238033 0.0231424 0.0228411 0.0191598 0.0180651 0.0166592 0.0166381 0.0276712 0.0160689 0.0159495 0.0155071 0.0152543 0.0238935 0.0151389 0.0147397 0.0143136 0.0142583 0.0138568 0.020926
threshold=1.5000000000000002 0.72517535090446483 0.88236519694328319 3.5000000000000004 1.0000000180025095e-35 4.5000000000000009 3.5000000000000004 1.0000000180025095e-35 0.544326812028885 0.52783659100532543 0.81702741980552684 1.0000000180025095e-35 1.0000000180025095e-35 1.0000000180025095e-35 1.0000000180025095e-35 0.6010674536228181 0.71617025136947643 3.5000000000000004 4.5000000000000009 1.0000000180025095e-35 1.0000000180025095e-35 0.96227243542671215 3.5000000000000004 4.5000000000000009 0.82729047536849987 0.81167602539062511 0.98435381054878246 4.5000000000000009 1.0000000180025095e-35 2.5000000000000004
decision_type=2 2 2 2 2 2 2 2 2 2 2 2 2 2 2 2 2 2 2 2 2 2 2 2 2 2 2 2 2 2
left_child=1 8 3 4 9 6 7 21 20 -2 -8 28 -4 27 16 -6 -11 -15 -19 -13 -1 -3 -16 24 -24 -25 -7 -5 -10 -30
right_child=2 5 12 13 15 26 10 -9 11 14 -12 19 -14 17 22 -17 -18 18 -20 -21 -22 -23 23 25 -26 -27 -28 -29 29 -31
leaf_value=0.0028727183556732012 0.0037731400484012235 0.00031181762798287966 0.0003753770950511914 0.003108963051685289 0.0012498761276931937 -0.0018043431953046641 0.0022634726942421615 -0.0018637662447696824 0.0015787573645017498 0.0039640250818237018 0.00019316153627670123 -0.0015432140014027076 -0.00099513703364645465 0.00084043929396807157 0.00058806065881143808 0.00011030752326402041 0.001242306308334016 0.0060782735329121358 0.0011307147557650193 -0.00037426790738024815 0.0005664319336445504 -0.0018638459373323713 0.0021930408346722084 0.0013105452676829535 0.0052257417434884703 -0.000999848321247127 -0.0042251688670008804 0.0055702144534734545 -0.00099599059526222621 0.00045484695938628658
leaf_weight=34 45 181 251 89 189 403 88 621 60 46 162 191 242 71 316 527 44 20 26 306 254 40 93 147 20 34 26 32 151 291
leaf_count=34 45 181 251 89 189 403 88 621 60 46 162 191 242 71 316 527 44 20 26 306 254 40 93 147 20 34 26 32 151 291
internal_value=-6.23177e-13 -0.000667052 0.000854509 0.00118875 0.000926836 -0.00117162 -0.000865418 -0.0013961 -7.074e-05 0.00142248 0.000921911 -0.000332921 -0.00029737 0.00279655 0.00127137 0.000411115 0.00263341 0.0018003 0.00328183 -0.000823501 0.000838702 -8.19676e-05 0.00107041 0.00158885 0.0027298 0.000876549 -0.00195106 0.00375987 0.000152772 -4.08012e-05
internal_weight=5000 2808 2192 1699 1461 1521 1092 842 1287 745 250 999 493 238 700 716 90 117 46 497 288 221 610 294 113 181 429 121 502 442
internal_count=5000 2808 2192 1699 1461 1521 1092 842 1287 745 250 999 493 238 700 716 90 117 46 497 288 221 610 294 113 181 429 121 502 442
is_linear=0
shrinkage=0.1


Tree=26
num_leaves=31
num_cat=0
split_feature=1 0 1 3 2 2 2 2 2 2 2 2 0 2 0 0 3 2 2 2 0 0 0 1 1 0 2 0 1 2
split_gain=0.243301 0.100958 0.0690566 0.040771 0.0390787 0.0313312 0.0808511 0.0255917 0.0789508 0.0255669 0.0298334 0.0912515 0.0223214 0.0214679 0.0207113 0.018855 0.018402 0.0194298 0.0471568 0.0194772 0.0178793 0.015612 0.014384 0.0183169 0.0143025 0.0138375 0.0149737 0.0136277 0.0123326 0.0123087
threshold=2.5000000000000004 0.62342023849487316 1.0000000180025095e-35 1.0000000180025095e-35 1.0000000180025095e-35 3.5000000000000004 4.5000000000000009 4.5000000000000009 3.5000000000000004 1.0000000180025095e-35 3.5000000000000004 4.5000000000000009 0.60969197750091564 1.0000000180025095e-35 0.60290887951850902 0.55127096176147472 1.0000000180025095e-35 4.5000000000000009 3.5000000000000004 1.0000000180025095e-35 0.84834700822830211 0.50811097025871288 0.60740214586257946 1.0000000180025095e-35 4.5000000000000009 0.68988433480262767 2.5000000000000004 0.91962972283363353 1.0000000180025095e-35 4.5000000000000009
decision_type=2 2 2 2 2 2 2 2 2 2 2 2 2 2 2 2 2 2 2 2 2 2 2 2 2 2 2 2 2 2
left_child=1 9 16 20 -2 12 -7 8 13 -1 21 14 -6 -5 -12 -8 17 18 19 -3 -4 -11 23 -23 -14 26 -15 -17 -13 -22
right_child=4 2 3 7 5 6 15 -9 -10 10 11 28 24 25 -16 27 -18 -19 -20 -21 29 22 -24 -25 -26 -27 -28 -29 -30 -31
leaf_value=0.001909495047609306 0.0029841013686850316 0.00069590800778112488 0.00043212181445132316 9.323670394649101e-05 0.0019365293116804781 0.0037468406453990614 0.0033849443003418859 -0.0015147219404207136 0.0016271955993205839 0.0019728639188300199 0.0034573954815743492 -0.0010844626624682198 -6.0996654158976347e-05 0.0011766692438289863 0.00044844474593576578 0.00072984653815422618 -0.0018786958543171601 -0.0019839236832570263 0.0018854275163119804 -0.0016262896357694531 -5.8299791040057749e-05 -0.0017630574653449004 0.0011692800247916379 -0.00017873133228729583 0.0022368539962917566 -0.001494967828080453 -0.0016174604691674606 -0.0016711021256115702 0.00031901805227307748 -0.001210321354758276
leaf_weight=118 143 45 654 154 92 140 24 320 148 30 125 88 279 44 28 190 409 124 65 183 330 100 52 270 30 408 34 27 217 129
leaf_count=118 143 45 654 154 92 140 24 320 148 30 125 88 279 44 28 190 409 124 65 183 330 100 52 270 30 408 34 27 217 129
internal_value=9.18149e-12 -0.000332349 -0.000621461 -0.000331138 0.00146413 0.00118618 0.00183556 -0.000760555 -0.000454294 0.000524582 0.000345 0.00091381 0.000569198 -0.000935638 0.00290674 0.000725269 -0.0014021 -0.00093465 -0.000490588 -0.00116796 9.63498e-05 -0.00023136 -0.000388058 -0.000606928 0.000162096 -0.00126166 -4.12847e-05 0.000431111 -8.59206e-05 -0.000382071
internal_weight=5000 4075 3047 2221 925 782 381 1108 788 1028 910 458 401 640 153 241 826 417 293 228 1113 452 422 370 309 486 78 217 305 459
internal_count=5000 4075 3047 2221 925 782 381 1108 788 1028 910 458 401 640 153 241 826 417 293 228 1113 452 422 370 309 486 78 217 305 459
is_linear=0
shrinkage=0.1


Tree=27
num_leaves=31
num_cat=0
split_feature=1 0 0 1 0 2 2 2 2 2 2 3 2 3 2 3 3 3 3 2 2 1 0 0 0 0 0 0 1 3
split_gain=0.197282 0.0624109 0.061243 0.0509355 0.0318424 0.0288651 0.0304757 0.0762537 0.0218461 0.094724 0.0278994 0.0187179 0.0164471 0.0164043 0.0161789 0.0153596 0.0147625 0.0132876 0.0128171 0.0123249 0.0199056 0.0121651 0.0120605 0.0117494 0.0117479 0.0112462 0.0143009 0.0137117 0.0108777 0.0108047
threshold=1.5000000000000002 0.85702133178710949 0.88472285866737377 3.5000000000000004 0.56929969787597667 1.0000000180025095e-35 3.5000000000000004 4.5000000000000009 4.5000000000000009 3.5000000000000004 1.0000000180025095e-35 1.0000000180025095e-35 1.0000000180025095e-35 1.0000000180025095e-35 1.0000000180025095e-35 1.0000000180025095e-35 1.0000000180025095e-35 1.0000000180025095e-35 1.0000000180025095e-35 3.5000000000000004 4.5000000000000009 1.0000000180025095e-35 0.71617025136947643 0.66400557756423961 0.57960009574890148 0.98563650250434887 0.90345004200935375 0.91075631976127636 1.0000000180025095e-35 1.0000000180025095e-35
decision_type=2 2 2 2 2 2 2 2 2 2 2 2 2 2 2 2 2 2 2 2 2 2 2 2 2 2 2 2 2 2
left_child=1 4 3 5 12 22 15 -8 9 10 -6 -5 -1 25 -3 24 23 -11 -14 -13 -21 -16 -2 -9 -7 26 -4 -28 -12 -10
right_child=2 14 13 11 8 6 7 16 29 17 28 19 18 -15 21 -17 -18 -19 -20 20 -22 -23 -24 -25 -26 -27 27 -29 -30 -31
leaf_value=0.0021527584323677114 0.0026044854405982837 -0.00029777154730851834 -0.0010881520775405484 0.0032185840913987423 0.00038718617949457369 0.0016939142890344692 0.0025553108639538181 0.0019654156383015773 -0.00055447189256351318 0.0023645866906327573 -0.0014700404654500484 0.00061698632673885107 0.00080891288602554304 -0.00088246175983547771 -0.0020500513761304781 -0.00041154913164172837 -0.00031528578562540046 0.00083097144322112268 -0.00035626250094667611 0.005095762088894844 0.00093339907126156274 -0.0011696136384872402 0.0010463978348644045 0.00033736729635394939 0.00026122114855031713 -0.0018680956201437351 0.0033745957794599235 0.00059344159358610908 -0.00065695230897885393 -0.0015023769734671078
leaf_weight=53 108 134 45 121 187 73 227 67 241 114 280 71 205 236 252 301 210 112 175 20 27 416 92 131 265 22 20 156 399 240
leaf_count=53 108 134 45 121 187 73 227 67 241 114 280 71 205 236 252 301 210 112 175 20 27 416 92 131 265 22 20 156 399 240
internal_value=-7.21448e-13 -0.000554984 0.000710946 0.000990456 -0.00025689 0.000770882 0.000595547 0.00108618 -0.000465924 -0.00021859 -0.000694378 0.00234465 0.000502488 -0.000288637 -0.00130059 0.000107986 0.000268794 0.00160456 0.000272319 0.0014485 0.00270462 -0.00150175 0.00188777 0.000888273 0.000570649 0.000288082 0.000502724 0.000909482 -0.000992246 -0.00102744
internal_weight=5000 2808 2192 1713 2006 1474 1274 635 1573 1092 866 239 433 479 802 639 408 226 380 118 47 668 200 198 338 243 221 176 679 481
internal_count=5000 2808 2192 1713 2006 1474 1274 635 1573 1092 866 239 433 479 802 639 408 226 380 118 47 668 200 198 338 243 221 176 679 481
is_linear=0
shrinkage=0.1


Tree=28
num_leaves=31
num_cat=0
split_feature=1 0 1 0 3 0 3 3 2 2 2 0 1 2 2 2 0 0 0 0 2 2 2 0 2 2 2 1 0 0
split_gain=0.169207 0.0711483 0.045035 0.0310358 0.0309277 0.0276601 0.0241753 0.0209222 0.0202638 0.0349326 0.0200362 0.0188804 0.0176867 0.0142092 0.0565187 0.0194586 0.0148218 0.01374 0.0134508 0.0121171 0.0113298 0.0134971 0.0349209 0.0111247 0.0104394 0.0350226 0.0156756 0.0104233 0.0103279 0.0102913
threshold=2.5000000000000004 0.86171594262123119 1.0000000180025095e-35 0.52917867898941051 1.0000000180025095e-35 0.52783659100532543 1.0000000180025095e-35 1.0000000180025095e-35 4.5000000000000009 3.5000000000000004 1.0000000180025095e-35 0.93590679764747631 4.5000000000000009 4.5000000000000009 3.5000000000000004 1.0000000180025095e-35 0.60740214586257946 0.76639375090599071 0.72027656435966503 0.97017219662666332 1.0000000180025095e-35 3.5000000000000004 4.5000000000000009 0.56084686517715465 4.5000000000000009 3.5000000000000004 1.0000000180025095e-35 1.0000000180025095e-35 0.55312469601631176 0.96441689133644115
decision_type=2 2 2 2 2 2 2 2 2 2 2 2 2 2 2 2 2 2 2 2 2 2 2 2 2 2 2 2 2 2
left_child=1 2 13 -4 5 -2 20 8 9 10 -3 28 18 14 15 17 -16 -1 -7 -10 -5 23 -23 -22 25 26 -8 -9 -6 -29
right_child=4 7 3 6 11 12 24 27 19 -11 -12 -13 -14 -15 16 -17 -18 -19 -20 -21 21 22 -24 -25 -26 -27 -28 29 -30 -31
leaf_value=0.0012050540535710752 0.0052454973444003954 0.00056361948037469435 0.0014833408587875772 0.0013481175889014155 0.0023026737797243349 0.0020869754386203358 0.00056806744082468167 -0.0021348335356950496 -0.0010870268032631164 0.0014721644587116318 -0.0011938184725956737 -0.0011858641163117309 0.003595764064457177 -0.0012689447357672635 0.0034210348826637796 -0.0012394525140824943 0.00088923495623620819 -0.0016506199694603036 0.0009311965168901879 -0.003404839441214723 0.0012541098672557963 0.0019112387710531944 5.1610076451565506e-05 -0.00026934685844396436 -0.00075604302343184628 0.0014258933666882734 -0.00069068191776680316 -0.00081317510050386572 0.00067817384984191658 -0.001900548124807932
leaf_weight=63 22 92 179 124 44 174 130 140 137 100 220 51 41 256 31 346 91 23 239 27 55 157 283 373 286 132 414 292 354 124
leaf_count=63 22 92 179 124 44 174 130 140 137 100 220 51 41 256 31 346 91 23 239 27 55 157 283 373 286 132 414 292 354 124
internal_value=-3.23413e-12 -0.000277161 -1.80134e-05 0.000223048 0.001221 0.0017826 0.000107596 -0.000950897 -0.000528514 -0.000154298 -0.0006756 0.000625639 0.00161479 -0.000652807 -0.000368094 -0.000904853 0.00153256 0.000441327 0.00141813 -0.00146862 0.000453978 0.000326244 0.000715159 -7.35756e-05 -0.000249588 -3.5319e-05 -0.000389878 -0.00138847 0.000857767 -0.0011373
internal_weight=5000 4075 2943 2133 925 476 1954 1132 576 412 312 449 454 810 554 432 122 86 413 164 992 868 440 428 962 676 544 556 398 416
internal_count=5000 4075 2943 2133 925 476 1954 1132 576 412 312 449 454 810 554 432 122 86 413 164 992 868 440 428 962 676 544 556 398 416
is_linear=0
shrinkage=0.1


Tree=29
num_leaves=31
num_cat=0
split_feature=1 0 2 2 2 2 0 2 2 1 0 0 0 0 3 0 1 3 0 1 0 3 0 0 0 0 0 3 1 3
split_gain=0.137058 0.0606934 0.0330775 0.0995849 0.0461886 0.0293843 0.0223225 0.0221173 0.0577169 0.0206775 0.0164745 0.0152724 0.0152214 0.0149415 0.0131866 0.0123916 0.0123706 0.0120126 0.0117931 0.0115015 0.0125428 0.00996363 0.00923738 0.0119204 0.00911055 0.00892543 0.00842611 0.00837585 0.00814635 0.00811634
threshold=2.5000000000000004 0.68406257033348095 4.5000000000000009 3.5000000000000004 1.0000000180025095e-35 1.0000000180025095e-35 0.50811097025871288 3.5000000000000004 4.5000000000000009 1.0000000180025095e-35 0.9879293441772462 0.68406257033348095 0.93590679764747631 0.75748476386070263 1.0000000180025095e-35 0.55127096176147472 1.0000000180025095e-35 1.0000000180025095e-35 0.50463214516639721 1.5000000000000002 0.81702741980552684 1.0000000180025095e-35 0.96227243542671215 0.94108602404594432 0.71266618371009838 0.91962972283363353 0.72517535090446483 1.0000000180025095e-35 3.5000000000000004 1.0000000180025095e-35
decision_type=2 2 2 2 2 2 2 2 2 2 2 2 2 2 2 2 2 2 2 2 2 2 2 2 2 2 2 2 2 2
left_child=1 6 3 4 13 -2 18 11 28 -8 16 -7 14 -3 -6 -10 -4 -11 -1 20 -5 -18 23 -15 -16 29 -26 -13 -9 -17
right_child=5 2 10 19 12 7 9 8 15 17 -12 27 -14 22 24 25 21 -19 -20 -21 -22 -23 -24 -25 26 -27 -28 -29 -30 -31
leaf_value=0.0006343556422507391 0.0024169246071438352 0.0015248931158662585 -0.0016862463459110589 0.0015014810552089362 -0.00042938843091622008 0.001112896512569979 -0.00044727170782695293 0.0024408960767911773 0.0026215428641686838 0.0007339838641282361 -0.0035363782252210915 0.00042463165816790881 -0.0017765463465493913 -4.6866816636134781e-05 -0.0024241972420449287 0.0010567425167616984 -0.00033496896829817157 6.0334574683488346e-05 0.0033545752576387977 0.0019099143482734745 0.00015580621401579581 -0.0012197955753674519 -0.0013194243119263168 0.0022672975175082682 0.00085157900307835505 -0.0014743711704526235 -0.0011629677760723329 -0.00074485135036794867 0.0040260283469679588 -0.00025773389812778022
leaf_weight=30 143 76 200 121 402 156 394 89 24 536 27 124 221 203 55 105 266 523 34 117 162 244 48 25 22 27 369 121 51 85
leaf_count=30 143 76 200 121 402 156 394 89 24 536 27 124 221 203 55 105 266 523 34 117 162 244 48 25 22 27 369 121 51 85
internal_value=1.80917e-13 -0.000249444 -0.000546645 -0.000317877 -0.000710228 0.0010989 0.000251702 0.000857885 0.00140348 0.000171194 -0.00111189 0.000339499 -0.00103738 0.000283318 -0.000844747 0.000465392 -0.00101969 0.000401294 0.00207947 0.00107595 0.000731165 -0.000758298 -5.85648e-05 0.000206879 -0.00121913 0.000226924 -0.00104962 -0.00015295 0.00301834 0.000468687
internal_weight=5000 4075 2558 1821 1421 925 1517 782 381 1453 737 401 1069 352 848 241 710 1059 64 400 283 510 276 228 446 217 391 245 140 190
internal_count=5000 4075 2558 1821 1421 925 1517 782 381 1453 737 401 1069 352 848 241 710 1059 64 400 283 510 276 228 446 217 391 245 140 190
is_linear=0
shrinkage=0.1


Tree=30
num_leaves=31
num_cat=0
split_feature=1 2 0 0 2 2 0 0 3 1 3 3 0 0 0 0 3 0 1 0 2 0 2 0 1 2 2 2 0 0
split_gain=0.118156 0.0366492 0.0359636 0.0332415 0.0272777 0.0665862 0.0188353 0.016038 0.0159517 0.0152849 0.0152756 0.0135839 0.0131727 0.0119533 0.0109043 0.0100888 0.00989743 0.00912898 0.00888999 0.00832339 0.00827479 0.00763534 0.00742965 0.00731403 0.00694551 0.00690812 0.031077 0.0207987 0.00955407 0.0151658
threshold=1.5000000000000002 1.0000000180025095e-35 0.72517535090446483 0.88472285866737377 3.5000000000000004 4.5000000000000009 0.65585827827453624 0.97202536463737499 1.0000000180025095e-35 3.5000000000000004 1.0000000180025095e-35 1.0000000180025095e-35 0.89312097430229198 0.51830527186393749 0.94108602404594432 0.54902255535125744 1.0000000180025095e-35 0.66400557756423961 1.0000000180025095e-35 0.82729047536849987 1.0000000180025095e-35 0.83741989731788646 5.5000000000000009 0.79092702269554149 2.5000000000000004 4.5000000000000009 3.5000000000000004 2.5000000000000004 0.75000432133674633 0.76639375090599071
decision_type=2 2 2 2 2 2 2 2 2 2 2 2 2 2 2 2 2 2 2 2 2 2 2 2 2 2 2 2 2 2
left_child=2 6 8 4 11 9 -2 10 13 15 25 21 -5 -1 -14 -6 17 -7 -10 -17 -12 23 -20 -3 -8 26 27 28 -4 -30
right_child=1 3 7 12 5 16 24 -9 18 -11 20 -13 14 -15 -16 19 -18 -19 22 -21 -22 -23 -24 -25 -26 -27 -28 -29 29 -31
leaf_value=0.0017618665395555304 0.002822429641216945 0.0005646146296108466 -0.0019789184145629405 -0.0024299839600765462 0.0038909045457839967 0.0016948595978950227 0.00058336644963879558 -0.0016710865163252478 -0.00086894410393959301 0.0041628396901375563 -0.00012882857540716942 -0.00026633466136970549 0.00033169111704273489 0.0001812771056075767 -0.00074637421551614817 0.001472582031229173 -0.00013173326990176148 0.00034950135183874401 9.2161726191939089e-05 0.0031882435826392956 -0.0011331559484602648 -0.00060958856372459933 -0.0010860105294341338 0.001894416679472973 0.001723105752697596 -0.0007991453456676575 0.0013035102609014219 -0.0018359123744180819 0.0027123041357845069 -0.00016066289115013334
leaf_weight=52 86 299 25 30 25 75 124 171 245 38 96 355 173 599 205 168 237 154 327 34 564 47 64 48 94 206 118 95 20 226
leaf_count=52 86 299 25 30 25 75 124 171 245 38 96 355 173 599 205 168 237 154 327 34 564 47 64 48 94 206 118 95 20 226
internal_value=1.4841e-12 0.0005502 -0.000429501 0.000386123 0.000606435 0.001041 0.00156921 -0.000758699 -4.04484e-05 0.00230662 -0.00064313 0.000182313 -0.000413048 0.00030753 -0.000252974 0.00199589 0.000321281 0.000790121 -0.000396634 0.00176136 -0.000987072 0.000586551 -0.000100685 0.000748564 0.00107481 -0.000314142 -0.000107715 -0.0005627 -0.000116372 7.29117e-05
internal_weight=5000 2192 2808 1888 1480 731 304 1521 1287 265 1350 749 408 651 378 227 466 229 636 202 660 394 391 347 218 690 484 366 271 246
internal_count=5000 2192 2808 1888 1480 731 304 1521 1287 265 1350 749 408 651 378 227 466 229 636 202 660 394 391 347 218 690 484 366 271 246
is_linear=0
shrinkage=0.1


Tree=31
num_leaves=31
num_cat=0
split_feature=1 0 1 1 0 0 3 0 2 2 2 0 0 0 0 2 2 2 2 2 2 2 3 0 2 2 0 2 1 1
split_gain=0.096044 0.0420804 0.031235 0.021917 0.0184088 0.0181304 0.0146936 0.0138534 0.0118798 0.0183844 0.0399468 0.0139509 0.0132936 0.0109288 0.010873 0.0103294 0.015201 0.0134388 0.0194903 0.0103249 0.0102844 0.042453 0.0101945 0.00950987 0.00854219 0.0205824 0.00853441 0.00826581 0.00824648 0.00807253
threshold=2.5000000000000004 0.62342023849487316 1.0000000180025095e-35 4.5000000000000009 0.59918230772018444 0.98563650250434887 1.0000000180025095e-35 0.50811097025871288 1.0000000180025095e-35 3.5000000000000004 4.5000000000000009 0.60740214586257946 0.60290887951850902 0.93083894252777111 0.94324612617492687 1.0000000180025095e-35 2.5000000000000004 4.5000000000000009 3.5000000000000004 1.0000000180025095e-35 4.5000000000000009 3.5000000000000004 1.0000000180025095e-35 0.50463214516639721 3.5000000000000004 4.5000000000000009 0.52156502008438121 1.5000000000000002 3.5000000000000004 1.0000000180025095e-35
decision_type=2 2 2 2 2 2 2 2 2 2 2 2 2 2 2 2 2 2 2 2 2 2 2 2 2 2 2 2 2 2
left_child=1 7 13 4 -2 6 19 23 -9 11 12 29 -11 22 15 -6 -17 18 -18 -4 21 -8 -3 -1 27 -26 -12 -21 -20 -10
right_child=3 2 5 -5 14 -7 20 8 9 10 26 -13 -14 -15 -16 16 17 -19 28 24 -22 -23 -24 -25 25 -27 -28 -29 -30 -31
leaf_value=0.00047144536792378256 0.0016789657744270285 -0.00035073320155058871 0.00087285533491540863 0.0024911663171628285 0.0016651185399138508 -0.0016237842617894871 -0.00056330449233723526 0.0012132107178975244 -0.0013297718018875457 0.0024125019200286701 0.0012713481757927162 0.0011870010317999494 -1.5191976282429615e-05 -0.0016958259727380819 -0.00061365826601301001 -0.00028032974745049918 0.00051383206102097276 0.00021594085868992756 0.0020058990250496813 0.00026954349647427523 -0.00089473069942380386 0.0013771779396399549 -0.0011271425449267973 0.0029141849454711465 0.0011453467129696427 -0.00020725990533329813 -0.00032089503991419486 -0.00065385131621103598 0.0042692617359782825 -0.00027799460442986824
leaf_weight=30 176 329 155 81 89 86 616 113 100 116 39 52 28 149 74 168 96 159 60 148 307 138 348 34 175 315 246 281 22 270
leaf_count=30 176 329 155 81 89 86 616 113 100 116 39 52 28 149 74 168 96 159 60 148 307 138 348 34 175 315 246 281 22 270
internal_value=3.45281e-12 -0.000208813 -0.000395466 0.000919905 0.000769109 -0.000200212 -0.000142869 0.00034443 0.000249843 0.000121922 0.000582907 -0.00034671 0.00194045 -0.000920478 0.000529386 0.000671785 0.000496722 0.000884095 0.00148093 0.000117879 -0.000406812 -0.00020815 -0.000749833 0.00176915 -9.45699e-06 0.000275814 -0.000103009 -0.000335291 0.00261314 -0.000562259
internal_weight=5000 4075 3047 925 844 2221 2135 1028 964 851 429 422 144 826 668 594 505 337 178 1074 1061 754 677 64 919 490 285 429 82 370
internal_count=5000 4075 3047 925 844 2221 2135 1028 964 851 429 422 144 826 668 594 505 337 178 1074 1061 754 677 64 919 490 285 429 82 370
is_linear=0
shrinkage=0.1


Tree=32
num_leaves=31
num_cat=0
split_feature=1 3 0 1 0 0 2 2 2 0 0 0 0 0 2 0 0 0 0 3 0 0 3 2 2 2 0 2 0 0
split_gain=0.0821073 0.0279541 0.0264855 0.0236256 0.0181194 0.0176306 0.0154858 0.074211 0.024791 0.0156207 0.0135701 0.0126096 0.0120342 0.016867 0.0117469 0.010733 0.0103455 0.0113609 0.00986366 0.00892739 0.00928608 0.0116098 0.00857032 0.0111854 0.00809009 0.00934297 0.0121745 0.0121076 0.0118298 0.00920654
threshold=1.5000000000000002 1.0000000180025095e-35 0.85702133178710949 4.5000000000000009 0.75156718492507946 0.62097719311714183 4.5000000000000009 3.5000000000000004 1.0000000180025095e-35 0.60740214586257946 0.7637692689895631 0.52917867898941051 0.55542752146720897 0.52917867898941051 1.0000000180025095e-35 0.72951611876487743 0.71617025136947643 0.78288164734840404 0.90731143951416027 1.0000000180025095e-35 0.81839299201965343 0.75156718492507946 1.0000000180025095e-35 4.5000000000000009 2.5000000000000004 4.5000000000000009 0.81167602539062511 3.5000000000000004 0.82729047536849987 0.82930046319961559
decision_type=2 2 2 2 2 2 2 2 2 2 2 2 2 2 2 2 2 2 2 2 2 2 2 2 2 2 2 2 2 2
left_child=2 3 6 5 15 -2 7 8 11 12 -6 -1 13 -9 16 -3 -7 -18 -12 20 21 -8 23 -4 -16 27 -27 29 -29 -26
right_child=1 4 22 -5 10 14 19 9 -10 -11 18 -13 -14 -15 24 -17 17 -19 -20 -21 -22 -23 -24 -25 25 26 -28 28 -30 -31
leaf_value=0.0028292509960010648 0.001439358377131608 0.00038859548181935681 -0.00020538764282259747 0.0031074218414074116 -0.0026907217020735795 0.0030529332985491332 -8.986180974073147e-05 0.0034712630230933428 -0.00060191700781213645 0.0009844684589417937 0.00013023157538802886 0.00031726430980272383 0.0040949791098352185 -0.00020209999196231369 -0.00017995891544395106 0.0022000115477879135 -0.0010357832364009127 0.0015450820161662926 -0.00077188415430334985 -0.00097755382251846841 0.0014283992627996112 -0.0017012707131322136 -0.0011797457615018805 -0.0013732706143034508 0.0010030358564108611 0.00080277572049438457 -0.0006498349506468263 0.00079054328922360936 0.0026946373759390062 -0.00074830155107729994
leaf_weight=22 257 500 299 43 23 29 239 25 860 203 323 218 33 25 213 35 23 66 194 295 31 55 390 113 71 119 112 73 59 52
leaf_count=22 257 500 299 43 23 29 239 25 860 203 323 218 33 25 213 35 23 66 194 295 31 55 390 113 71 119 112 73 59 52
internal_value=1.48138e-12 0.000458653 -0.000358037 0.000808985 9.46333e-05 0.000716962 -0.000163846 2.19834e-05 -0.000351129 0.00145703 -0.000314014 0.00054753 0.00261281 0.00163458 0.000489721 0.000507099 0.00141261 0.000878117 -0.00020828 -0.000579266 -0.000217743 -0.000391316 -0.000843755 -0.000525705 0.000333927 0.000559148 9.84796e-05 0.000976459 0.00164162 0.000262633
internal_weight=5000 2192 2808 1117 1075 1074 2006 1386 1100 286 540 240 83 50 817 535 118 89 517 620 325 294 802 412 699 486 231 255 132 123
internal_count=5000 2192 2808 1117 1075 1074 2006 1386 1100 286 540 240 83 50 817 535 118 89 517 620 325 294 802 412 699 486 231 255 132 123
is_linear=0
shrinkage=0.1


Tree=33
num_leaves=31
num_cat=0
split_feature=1 0 1 0 0 1 0 0 2 2 2 2 2 2 2 0 0 3 0 3 0 0 0 2 2 0 0 3 0 2
split_gain=0.0677873 0.0303674 0.0247 0.0207495 0.0174021 0.0199548 0.0159615 0.0125107 0.0120352 0.0119127 0.0363887 0.0182409 0.0104366 0.0127307 0.0415327 0.00939212 0.0133498 0.0091417 0.00879434 0.00841658 0.00739969 0.0139477 0.0132608 0.00724384 0.013081 0.00699956 0.0115287 0.00674922 0.0066931 0.0110109
threshold=2.5000000000000004 0.58441710472106945 1.0000000180025095e-35 0.58856511116027843 0.93745881319046032 4.5000000000000009 0.96227243542671215 0.54690846800804149 1.5000000000000002 4.5000000000000009 3.5000000000000004 1.0000000180025095e-35 1.0000000180025095e-35 3.5000000000000004 4.5000000000000009 0.62920898199081432 0.61726689338684093 1.0000000180025095e-35 0.93083894252777111 1.0000000180025095e-35 0.65322408080101024 0.68738672137260448 0.67581814527511608 4.5000000000000009 3.5000000000000004 0.55938175320625316 0.52783659100532543 1.0000000180025095e-35 0.70260703563690197 5.5000000000000009
decision_type=2 2 2 2 2 2 2 2 2 2 2 2 2 2 2 2 2 2 2 2 2 2 2 2 2 2 2 2 2 2
left_child=1 12 18 -4 5 7 9 -2 -6 10 11 -5 -1 -14 25 16 -13 -9 19 23 -17 22 -22 24 -3 26 -15 -10 29 -11
right_child=4 2 3 6 8 -7 -8 17 27 28 -12 15 13 14 -16 20 -18 -19 -20 -21 21 -23 -24 -25 -26 -27 -28 -29 -30 -31
leaf_value=0.0014665878366634071 0.0019773614417471284 -0.00034589059058931721 -0.0032658784373086839 0.00054627830647483366 0.0010338334061998466 0.0025328721238266944 -0.00087748941371467457 0.00098248044207403383 -0.00023377320363319348 0.00087598374353701927 0.0010558978966584999 -0.00016787233943814763 -0.00017733971621043877 0.0033461960367717303 -4.2854182706731892e-05 -0.0015603183256053743 0.0024210507507502503 0.00025168288427777024 -0.0014485708676745816 -0.00093407178371517855 -0.00018560830789350873 -0.00053566421882697633 0.0023132914580803895 -0.00093557959434723394 0.0013900128356181087 0.0038891827493595581 0.00087360976454378529 -0.00235969974883119 -0.00061160476193330147 -0.00061399287438862731
leaf_weight=83 77 206 21 302 32 70 243 358 28 94 331 69 316 33 225 57 28 328 149 390 54 667 35 114 55 24 44 32 430 105
leaf_count=83 77 206 21 302 32 70 243 358 28 94 331 69 316 33 225 57 28 328 149 390 54 667 35 114 55 24 44 32 430 105
internal_value=-1.12919e-12 -0.000175427 -0.000302422 -0.000136096 0.000772826 0.000916972 -0.00010888 0.000768725 -0.000532319 -2.28896e-05 0.000126637 -0.000127146 0.000411378 0.000274957 0.000713379 -0.000350635 0.000579446 0.000633061 -0.000745715 -0.000608819 -0.000461604 -0.000378764 0.000797105 -0.000270557 1.99128e-05 0.00239806 0.00193329 -0.0013676 -0.000389693 8.98152e-05
internal_weight=5000 4075 3350 2436 925 833 2415 763 92 2172 1543 1212 725 642 326 910 97 686 914 765 813 756 89 375 261 101 77 60 629 199
internal_count=5000 4075 3350 2436 925 833 2415 763 92 2172 1543 1212 725 642 326 910 97 686 914 765 813 756 89 375 261 101 77 60 629 199
is_linear=0
shrinkage=0.1


Tree=34
num_leaves=31
num_cat=0
split_feature=1 2 2 2 3 0 0 0 0 0 0 0 3 2 0 0 1 0 0 0 0 1 0 0 2 0 2 2 0 0
split_gain=0.0569037 0.022093 0.0196853 0.0560035 0.0184725 0.0135317 0.0132324 0.0123032 0.0120478 0.0108355 0.0125081 0.0105904 0.0104992 0.0101812 0.00955376 0.0130953 0.00889825 0.00786868 0.00792867 0.00686212 0.00673029 0.00638869 0.00629322 0.0062389 0.0061304 0.00948789 0.008713 0.030819 0.00857342 0.00750767
threshold=1.5000000000000002 1.0000000180025095e-35 3.5000000000000004 4.5000000000000009 1.0000000180025095e-35 0.77833533287048351 0.795131415128708 0.92385751008987438 0.65763244032859813 0.8805164396762849 0.8911033868789674 0.72027656435966503 1.0000000180025095e-35 1.0000000180025095e-35 0.77833533287048351 0.8458877205848695 3.5000000000000004 0.51830527186393749 0.77069550752639782 0.93590679764747631 0.54902255535125744 1.0000000180025095e-35 0.97540909051895153 0.97202536463737499 1.0000000180025095e-35 0.63561132550239574 3.5000000000000004 4.5000000000000009 0.65763244032859813 0.74580261111259472
decision_type=2 2 2 2 2 2 2 2 2 2 2 2 2 2 2 2 2 2 2 2 2 2 2 2 2 2 2 2 2 2
left_child=4 8 9 16 5 17 -7 13 -2 12 -11 -5 -3 -6 -13 -16 20 -1 24 -12 -4 -15 -21 -8 25 -19 -26 28 -28 -29
right_child=1 2 3 11 7 6 23 -9 -10 10 19 14 -14 21 15 -17 -18 18 -20 22 -22 -23 -24 -25 26 -27 27 29 -30 -31
leaf_value=0.0014192224603343327 0.0021672286128025802 0.00046567902316341106 0.0029600915396586062 0.00049349222921534429 0.00034293212583351483 -0.0020234528908748993 -0.00012954305482483941 -0.0012651749177563583 0.00077438751975404891 -0.0030885495577240366 0.00024871560332329968 -0.0014697224613175624 -0.00028831126656541527 -0.00084710786650807183 0.00083598230164930144 -0.00059077988394093579 0.0028258708097008128 -5.5740727693773808e-05 0.0020619207959888235 -0.0015923582855612039 0.0012428267569397687 -0.00033884137877726508 1.8474191892892123e-06 -0.0010653358382465325 -0.00040095172803064985 0.0020105487978435122 0.0027994332048110666 -8.3158102439211633e-05 0.00080673485706364242 -0.0021091536362655462
leaf_weight=52 87 391 25 254 148 46 503 209 217 20 79 63 350 415 97 191 51 50 21 65 262 612 40 83 307 40 50 214 38 20
leaf_count=52 87 391 25 254 148 46 503 209 217 20 79 63 350 415 97 191 51 50 21 65 262 612 40 83 307 40 50 214 38 20
internal_value=-1.12608e-12 0.000381824 0.000254432 0.000577676 -0.000298062 -4.5204e-05 -0.000390288 -0.000558229 0.001173 -6.81273e-05 -0.000713489 1.66254e-06 0.000109543 -0.000432482 -0.000354248 -0.000110238 0.00160871 0.000230166 0.00014661 -0.000455331 0.00139241 -0.000544227 -0.000985042 -0.000262087 9.06696e-05 0.00086261 -1.9783e-05 0.000343629 0.00193895 -0.00025632
internal_weight=5000 2192 1888 943 2808 1424 632 1384 304 945 204 605 741 1175 351 288 338 792 740 184 287 1027 105 586 719 90 629 322 88 234
internal_count=5000 2192 1888 943 2808 1424 632 1384 304 945 204 605 741 1175 351 288 338 792 740 184 287 1027 105 586 719 90 629 322 88 234
is_linear=0
shrinkage=0.1


Tree=35
num_leaves=31
num_cat=0
split_feature=1 0 1 3 0 0 3 1 2 0 2 2 3 2 0 2 0 0 0 2 3 2 2 2 0 0 0 0 0 0
split_gain=0.0478732 0.0216394 0.0173013 0.0131715 0.0156334 0.0117898 0.00926032 0.00805022 0.00888721 0.00798163 0.00716039 0.0295705 0.010857 0.0106738 0.00824178 0.00714983 0.00655191 0.006215 0.0062012 0.00790207 0.00585414 0.00569597 0.0193032 0.00652279 0.00567085 0.0103132 0.00552879 0.0106166 0.005173 0.00703419
threshold=2.5000000000000004 0.55127096176147472 1.0000000180025095e-35 1.0000000180025095e-35 0.52783659100532543 0.9879293441772462 1.0000000180025095e-35 3.5000000000000004 1.0000000180025095e-35 0.81839299201965343 4.5000000000000009 3.5000000000000004 1.0000000180025095e-35 1.0000000180025095e-35 0.74367412924766552 4.5000000000000009 0.76639375090599071 0.55542752146720897 0.50811097025871288 4.5000000000000009 1.0000000180025095e-35 4.5000000000000009 3.5000000000000004 1.0000000180025095e-35 0.72517535090446483 0.75575494766235363 0.85919630527496349 0.92385751008987438 0.58856511116027843 0.69191795587539684
decision_type=2 2 2 2 2 2 2 2 2 2 2 2 2 2 2 2 2 2 2 2 2 2 2 2 2 2 2 2 2 2
left_child=1 18 10 4 -2 6 -4 17 -9 21 11 13 -13 16 -14 -7 -3 -6 19 -1 -20 22 23 -5 -19 -26 -18 -28 -23 -30
right_child=3 2 5 9 7 15 -8 8 -10 -11 -12 12 14 -15 -16 -17 26 24 20 -21 -22 28 -24 -25 25 -27 27 -29 29 -31
leaf_value=0.0021667873608583414 0.0036193512295457451 0.00098796355935822566 0.00012883885522767876 0.0014823167376744096 -0.00094662047728585701 -0.00068201481825291507 -0.00025104201416430649 0.0033517307194415483 0.0011721390464866999 -0.00031406404571029343 -0.0010042327034271096 0.001711647378197833 0.0013074323807939375 -0.00098569727051312298 -0.0008543959585949779 -0.0027994630271163975 -0.0018415390852500092 0.0012744757111616772 0.0007389514397726423 -0.00023049386334605517 -3.898150504856853e-05 0.00092396854306571192 0.0026883864111203531 3.6616581016626788e-05 -0.0017704293864517239 0.00064799373695195576 0.0017663747693101566 -0.0012080393931163209 -0.0022737432352732865 0.00031748237829147416
leaf_weight=44 22 48 1295 40 24 52 1272 22 125 157 290 73 29 426 45 23 22 114 196 20 191 24 44 142 20 149 21 28 20 22
leaf_count=44 22 48 1295 40 24 52 1272 22 125 157 290 73 29 426 45 23 22 114 196 20 191 24 44 142 20 149 21 28 20 22
internal_value=3.80676e-12 -0.000147424 -0.000228717 0.000649463 0.00101596 -9.55078e-05 -5.93997e-05 0.0008898 0.00149834 0.000260931 -0.000587107 -0.0004123 0.000846381 -0.000751798 -7.19296e-06 -0.00133137 8.55223e-05 0.000598416 0.000505804 0.00141764 0.00035501 0.00057009 0.000808766 0.000354353 0.000729444 0.00036179 -0.000524579 6.67095e-05 -0.000247197 -0.000916435
internal_weight=5000 4075 3624 925 476 2642 2567 454 147 449 982 692 147 545 74 75 119 307 451 64 387 292 226 182 283 169 71 49 66 42
internal_count=5000 4075 3624 925 476 2642 2567 454 147 449 982 692 147 545 74 75 119 307 451 64 387 292 226 182 283 169 71 49 66 42
is_linear=0
shrinkage=0.1


Tree=36
num_leaves=31
num_cat=0
split_feature=1 2 2 2 0 0 0 2 2 2 0 0 0 0 0 3 2 0 0 1 0 0 0 0 0 3 0 0 0 0
split_gain=0.039572 0.0165111 0.0156985 0.0427586 0.0146477 0.00884478 0.00863391 0.00855572 0.0443052 0.0130055 0.00977307 0.00879651 0.00817078 0.0078149 0.0102926 0.00712727 0.00675551 0.00669455 0.00618673 0.0073246 0.00608501 0.00594133 0.00640564 0.0148664 0.00591211 0.00559561 0.00811978 0.00760093 0.00547244 0.0101606
threshold=1.5000000000000002 1.0000000180025095e-35 3.5000000000000004 4.5000000000000009 0.85702133178710949 0.65763244032859813 0.83400127291679393 4.5000000000000009 3.5000000000000004 1.0000000180025095e-35 0.81839299201965343 0.52917867898941051 0.72027656435966503 0.77833533287048351 0.8458877205848695 1.0000000180025095e-35 1.0000000180025095e-35 0.79092702269554149 0.53422278165817272 3.5000000000000004 0.86401391029357921 0.52783659100532543 0.55542752146720897 0.59378358721733104 0.84730911254882824 1.0000000180025095e-35 0.81839299201965343 0.75156718492507946 0.8805164396762849 0.8911033868789674
decision_type=2 2 2 2 2 2 2 2 2 2 2 2 2 2 2 2 2 2 2 2 2 2 2 2 2 2 2 2 2 2
left_child=4 5 6 18 7 -2 15 8 9 11 21 -1 -5 -14 -15 17 -6 -3 -4 -20 -18 -10 -23 -24 -8 26 27 -9 -26 -30
right_child=1 2 3 12 16 -7 24 25 10 -11 -12 -13 13 14 -16 -17 20 -19 19 -21 -22 22 23 -25 28 -27 -28 -29 29 -31
leaf_value=0.0023023349042473871 0.0018542489695266404 0.00026649087308290852 0.0031038062809966506 0.00042563722643134544 3.822982961089531e-05 0.00066083586656205228 -0.0020040609899442644 -4.5097424004916889e-05 0.0029208529539490966 -0.000435955959893934 -0.00050413110329827759 0.00020425875560132735 -0.00132785768419992 0.0007405727871900099 -0.00052432483199286561 -0.00022451216516692978 -0.0021565152003012343 0.0015876214183332526 0.0010857120832492386 0.0024150379446373151 -0.00067546576170202284 -0.00021696764327186558 0.0039853187894914304 0.0011145743327332363 0.00043567939829386649 -0.00072825058213419334 0.0014125923558528867 -0.0013489446278320183 -0.0027844648971222345 -0.00041117109330333852
leaf_weight=22 87 299 20 254 134 217 25 239 22 860 32 218 63 97 191 312 29 44 269 49 639 28 20 184 61 295 31 55 20 184
leaf_count=22 87 299 20 254 134 217 25 239 22 860 32 218 63 97 191 312 29 44 269 49 639 28 20 184 61 295 31 55 20 184
internal_value=-1.64663e-12 0.00031841 0.000208281 0.000496942 -0.00024856 0.00100237 -7.97688e-05 -0.000104146 3.39806e-05 -0.000254311 0.0011428 0.000396582 -6.36969e-06 -0.00031899 -9.83003e-05 0.000121356 -0.000609774 0.000435965 0.00139784 0.00129055 -0.000739763 0.00135028 0.00120135 0.00139602 -0.000534034 -0.000412925 -0.000126707 -0.000289014 -0.000395352 -0.000643847
internal_weight=5000 2192 1888 943 2808 304 945 2006 1386 1100 286 240 605 351 288 655 802 343 338 318 668 254 232 204 290 620 325 294 265 204
internal_count=5000 2192 1888 943 2808 304 945 2006 1386 1100 286 240 605 351 288 655 802 343 338 318 668 254 232 204 290 620 325 294 265 204
is_linear=0
shrinkage=0.1


Tree=37
num_leaves=31
num_cat=0
split_feature=1 3 0 0 0 1 2 2 2 2 0 2 0 1 0 1 0 0 0 0 0 0 0 0 0 0 0 3 0 0
split_gain=0.0338411 0.0167282 0.012217 0.0119626 0.0116957 0.0145869 0.00970596 0.0085184 0.0131544 0.0168314 0.0174354 0.0147227 0.0100875 0.00835843 0.00796249 0.00759971 0.00750562 0.00751525 0.00694563 0.00705372 0.00647726 0.00630532 0.00629291 0.00603763 0.00928617 0.00566175 0.00513044 0.00605936 0.00798467 0.00577367
threshold=2.5000000000000004 1.0000000180025095e-35 0.92385751008987438 0.55312469601631176 0.93745881319046032 4.5000000000000009 1.5000000000000002 5.5000000000000009 3.5000000000000004 4.5000000000000009 0.75357362627983104 1.0000000180025095e-35 0.58441710472106945 1.5000000000000002 0.81167602539062511 1.0000000180025095e-35 0.54690846800804149 0.53422278165817272 0.92590162158012401 0.89934247732162487 0.61553892493247997 0.93590679764747631 0.65322408080101024 0.93590679764747631 0.72951611876487743 0.66400557756423961 0.56084686517715465 1.0000000180025095e-35 0.60969197750091564 0.63417702913284313
decision_type=2 2 2 2 2 2 2 2 2 2 2 2 2 2 2 2 2 2 2 2 2 2 2 2 2 2 2 2 2 2
left_child=1 3 15 -1 5 16 -6 8 11 12 13 -5 -10 20 22 -3 17 -2 19 26 -11 -13 -7 24 25 -9 -18 28 -28 -30
right_child=4 2 -4 7 6 14 -8 23 9 10 -12 21 -14 -15 -16 -17 18 -19 -20 -21 -22 -23 -24 -25 -26 -27 27 -29 29 -31
leaf_value=0.00073654445830861513 0.0008686423649903321 -0.00056433267871717325 -0.00090554969307266172 0.00054414913632564062 0.00088253434369107715 0.0025389261892996731 -0.0012740301088585209 -0.00049773491239335499 0.0030458805536248048 -0.0011421560178860092 -0.00085736648597958267 -0.00023538800347728248 0.000819654888767432 0.0021252011358173506 0.0037321287544909865 -9.2465866484438131e-05 -0.00085359099030029033 0.0030869073644723922 0.0022685728315263989 -0.00077757641467579401 0.0007762451993943559 -0.0010447995212810954 0.00029339774516232023 -0.0017239796535766406 0.00023311476934542307 -0.0020653303880761894 0.0022250889997136453 0.00020945419945973435 -0.00082278096136481822 0.00080552601394803325
leaf_weight=242 56 473 311 239 32 24 60 64 22 24 144 649 272 33 20 1226 28 21 20 49 66 113 26 37 124 36 37 293 24 235
leaf_count=242 56 473 311 239 32 24 60 64 22 24 144 649 272 33 20 1226 28 21 20 49 66 113 26 37 124 36 37 293 24 235
internal_value=2.24747e-12 -0.000123949 -0.000329313 7.59444e-05 0.000546047 0.000664219 -0.000523921 -1.17491e-05 7.66129e-05 0.000464255 -0.000110519 -0.000140637 0.000986243 0.000763838 0.00204579 -0.000223833 0.000537469 0.00147362 0.000432391 0.00037725 0.000264672 -0.000355419 0.00137125 -0.000540567 -0.000345092 -0.00106207 0.000468962 0.000531834 0.000850946 0.00065464
internal_weight=5000 4075 2010 2065 925 833 92 1823 1562 561 267 1001 294 123 70 1699 763 77 686 666 90 762 50 261 224 100 617 589 296 259
internal_count=5000 4075 2010 2065 925 833 92 1823 1562 561 267 1001 294 123 70 1699 763 77 686 666 90 762 50 261 224 100 617 589 296 259
is_linear=0
shrinkage=0.1


Tree=38
num_leaves=31
num_cat=0
split_feature=1 2 2 2 0 0 1 1 0 0 2 0 0 1 0 1 0 2 0 0 3 0 0 1 0 0 0 0 0 0
split_gain=0.0276114 0.0126002 0.0123055 0.0328063 0.0100599 0.00735968 0.00686951 0.0066475 0.00661232 0.00642862 0.00566678 0.00671361 0.00545542 0.00525045 0.00497865 0.00570665 0.00492435 0.00480369 0.00528384 0.00783008 0.00986648 0.00519645 0.00451793 0.0042885 0.00744994 0.00480768 0.0105822 0.00463092 0.00563949 0.00449974
threshold=1.5000000000000002 1.0000000180025095e-35 3.5000000000000004 4.5000000000000009 0.85702133178710949 0.73693275451660167 3.5000000000000004 4.5000000000000009 0.63062384724617015 0.51356586813926708 4.5000000000000009 0.50606879591941845 0.8458877205848695 1.0000000180025095e-35 0.53422278165817272 3.5000000000000004 0.83201095461845409 1.0000000180025095e-35 0.96227243542671215 0.89934247732162487 1.0000000180025095e-35 0.86401391029357921 0.75357362627983104 1.0000000180025095e-35 0.87363067269325267 0.88901787996292125 0.89767932891845714 0.90221279859542858 0.91539299488067638 0.92877322435379039
decision_type=2 2 2 2 2 2 2 2 2 2 2 2 2 2 2 2 2 2 2 2 2 2 2 2 2 2 2 2 2 2
left_child=4 5 8 14 9 6 -2 12 -3 10 11 -1 16 -11 -4 22 -5 18 19 -6 -21 -19 -16 -23 -25 -26 -27 -28 -29 -30
right_child=1 2 3 7 17 -7 -8 -9 -10 13 -12 -13 -14 -15 15 -17 -18 21 -20 20 -22 23 -24 24 25 26 27 28 29 -31
leaf_value=-0.00017152744811028243 0.0010854256945327879 0.00034295949711425546 0.0027448236371856185 4.8415471406578469e-05 -0.00068372158220390215 0.00040885977732115153 0.0029758965313110668 0.0017325004002833296 -0.00024866262843311737 -0.00032649922789394135 -0.00054348049503143711 0.0020919966716208267 -0.00052902270630432251 1.047010780843714e-05 0.00053213011204955845 0.0021107624113863828 0.0016583107810583899 -0.0019258193041454871 -0.00092316499562002715 0.0027840440606941349 0.00010231382192989045 -0.00088678415402265265 0.0013518223442711441 0.0011345932793412959 -0.0016714259471383788 0.0018034537184229565 -0.0019144252090799539 0.00064735327939351292 -0.0016440040393665965 -0.00042012055579656389
leaf_weight=20 117 261 20 380 37 164 23 21 684 772 23 38 184 1153 136 49 20 29 40 23 34 244 133 31 31 21 22 43 35 212
leaf_count=20 117 261 20 380 37 164 23 21 684 772 23 38 184 1153 136 49 20 29 40 23 34 244 133 31 31 21 22 43 35 212
internal_value=-1.66028e-12 0.000265973 0.000169767 0.000425337 -0.000207626 0.000863465 0.001396 -1.55266e-05 -8.52622e-05 -8.79462e-05 0.000784756 0.00131147 -7.83837e-05 -0.000124668 0.00121446 0.00111821 0.00012891 -0.000506974 3.94581e-05 0.000449085 0.00118442 -0.000616587 0.000937405 -0.00055717 -0.00035356 -0.000480298 -0.000369412 -0.000515663 -0.00040955 -0.000593545
internal_weight=5000 2192 1888 943 2808 304 140 605 945 2006 81 58 584 1925 338 318 400 802 134 94 57 668 269 639 395 364 333 312 290 247
internal_count=5000 2192 1888 943 2808 304 140 605 945 2006 81 58 584 1925 338 318 400 802 134 94 57 668 269 639 395 364 333 312 290 247
is_linear=0
shrinkage=0.1


Tree=39
num_leaves=31
num_cat=0
split_feature=1 3 0 1 0 0 0 2 2 2 0 2 0 1 2 3 2 0 0 0 2 2 2 0 0 0 1 0 0 0
split_gain=0.0233575 0.0133659 0.00929588 0.0105393 0.00877732 0.00877273 0.00691223 0.00660405 0.0103788 0.0126163 0.0135372 0.0104762 0.00814196 0.00662837 0.00585342 0.0068324 0.00570561 0.00540431 0.00535871 0.00522179 0.00496253 0.0066125 0.0217635 0.00623211 0.00513764 0.00489045 0.00482175 0.00466292 0.00512781 0.00968947
threshold=2.5000000000000004 1.0000000180025095e-35 0.93590679764747631 4.5000000000000009 0.55312469601631176 0.92385751008987438 0.81167602539062511 5.5000000000000009 3.5000000000000004 4.5000000000000009 0.75357362627983104 1.0000000180025095e-35 0.58441710472106945 1.5000000000000002 1.5000000000000002 1.0000000180025095e-35 1.0000000180025095e-35 0.51005226373672496 0.52783659100532543 0.61553892493247997 1.0000000180025095e-35 3.5000000000000004 4.5000000000000009 0.52917867898941051 0.55127096176147472 0.65322408080101024 1.0000000180025095e-35 0.93590679764747631 0.60969197750091564 0.62342023849487316
decision_type=2 2 2 2 2 2 2 2 2 2 2 2 2 2 2 2 2 2 2 2 2 2 2 2 2 2 2 2 2 2
left_child=1 4 3 16 -1 17 25 8 11 12 13 -6 -10 19 -4 -16 -2 -3 -18 -11 -19 23 -23 -22 -25 -5 -9 28 -13 -30
right_child=2 5 14 6 7 -7 -8 26 9 10 -12 27 -14 -15 15 -17 18 20 -20 -21 21 22 -24 24 -26 -27 -28 -29 29 -31
leaf_value=0.00064155960467623355 0.0010959084989984609 0.0010325869006503905 0.00058487802675432146 0.0021370656167467436 0.00046306322498011277 -0.00077484241362665428 0.0033073712745681407 -0.0011294583507281328 0.0027250315052118491 -0.0010121389579580864 -0.00073299453664124787 -0.00082873781461527862 0.000724975137408739 0.0019078394659145766 4.9004639343669024e-05 -0.0020361557299497005 0.0015581958696309491 0.0002205683017967133 0.00026809041224051431 0.00071033764468280206 -0.0017177114263176919 0.00068747927852296647 -0.0004701047811551126 0.00071254255929710097 -0.00049920323842981694 0.00015751194262590546 -0.00018698704444313594 -0.00088859928258801864 0.0017433020560669581 -0.00016684678532505293
leaf_weight=242 117 35 34 24 239 311 20 77 22 24 144 106 272 33 30 33 34 219 607 66 40 246 478 37 644 26 184 113 28 515
leaf_count=242 117 35 34 24 239 311 20 77 22 24 144 106 272 33 30 33 34 219 607 66 40 246 478 37 644 26 184 113 28 515
internal_value=-2.58207e-12 -0.000102976 0.00045365 0.000562154 7.57029e-05 -0.000286544 0.00173618 5.864e-07 7.83886e-05 0.000422714 -7.49122e-05 -0.000114585 0.000874639 0.000695526 -0.000472548 -0.00104322 0.000453735 -0.000197161 0.00033652 0.000251011 -0.000223027 -0.000290257 -7.6782e-05 -0.00050462 -0.000433367 0.0011077 -0.000465034 -0.000295763 -0.000192542 -6.83492e-05
internal_weight=5000 4075 925 828 2065 2010 70 1823 1562 561 267 1001 294 123 97 63 758 1699 641 90 1664 1445 724 721 681 50 261 762 649 543
internal_count=5000 4075 925 828 2065 2010 70 1823 1562 561 267 1001 294 123 97 63 758 1699 641 90 1664 1445 724 721 681 50 261 762 649 543
is_linear=0
shrinkage=0.1


Tree=40
num_leaves=31
num_cat=0
split_feature=1 3 1 3 0 0 0 0 0 0 0 0 0 2 0 0 0 0 0 0 2 0 0 0 2 0 0 0 0 0
split_gain=0.0196355 0.0102678 0.00954922 0.00792942 0.00586452 0.0136666 0.00584424 0.00597624 0.00567153 0.00537137 0.0112418 0.00947856 0.0050319 0.00512096 0.00508209 0.0151982 0.00497854 0.00523568 0.0102379 0.00454231 0.00529856 0.00509397 0.0106944 0.00485591 0.00430234 0.00430006 0.00425655 0.00405293 0.00383546 0.00413343
threshold=1.5000000000000002 1.0000000180025095e-35 4.5000000000000009 1.0000000180025095e-35 0.78054019808769237 0.795131415128708 0.59918230772018444 0.58287447690963756 0.75940716266632091 0.75156718492507946 0.7637692689895631 0.72951611876487743 0.92385751008987438 1.0000000180025095e-35 0.63561132550239574 0.70983868837356578 0.54902255535125744 0.51583248376846325 0.52783659100532543 0.98563650250434887 1.0000000180025095e-35 0.71617025136947643 0.78288164734840404 0.97540909051895153 3.5000000000000004 0.51356586813926708 0.53558674454689037 0.77069550752639782 0.94324612617492687 0.6370939612388612
decision_type=2 2 2 2 2 2 2 2 2 2 2 2 2 2 2 2 2 2 2 2 2 2 2 2 2 2 2 2 2 2
left_child=3 2 6 4 8 -6 7 16 25 11 -11 -3 13 14 -5 -16 17 -2 -19 20 21 -8 -23 28 -4 -1 -20 -17 29 -22
right_child=1 9 24 12 5 -7 19 -9 -10 10 -12 -13 -14 -15 15 27 -18 18 26 -21 23 22 -24 -25 -26 -27 -28 -29 -30 -31
leaf_value=0.0010965207892629067 2.0675680434578681e-05 0.00011688370041083546 0.0029705398902297019 0.0011438269871584278 -0.0019804010030340926 -0.00011300682327451957 0.0019681336045102925 0.0020351821792012614 0.0011910351653390463 -0.0023820508848470842 -0.00012258366955630772 0.001819156460863139 -0.00079765264146780795 -0.0003443758630123717 -0.0022537433151155711 0.0017704400677411331 4.0717916341409798e-05 0.0033510791730474339 -0.00036823625801844177 -0.0011588768292726441 -0.00052617617257055826 -0.0013419724292243306 0.0011670165028996192 0.0017287659621797503 0.00096510829930396183 4.3014719804546078e-05 0.0015418608206216181 0.00013738615459508516 -0.00073400665752832665 0.00029821355247463546
leaf_weight=41 32 500 20 47 42 586 33 35 51 23 517 35 209 1027 25 21 84 22 20 22 68 23 65 20 23 704 28 55 46 576
leaf_count=41 32 500 20 47 42 586 33 35 51 23 517 35 209 1027 25 21 84 22 20 22 68 23 65 20 23 704 28 55 46 576
internal_value=-9.60918e-13 0.000224292 0.000436615 -0.000175088 -9.42158e-06 -0.000237896 0.00037811 0.0008364 0.000170832 3.67386e-06 -0.00021882 0.000228247 -0.000345543 -0.000265125 0.000284809 -0.000114932 0.000610823 0.00108032 0.00156473 0.000259374 0.000296921 0.000908588 0.000511258 0.000192679 0.00189787 0.000100993 0.000745987 0.000588625 0.000148155 0.000211166
internal_weight=5000 2192 1117 2808 1424 628 1074 221 796 1075 540 535 1384 1175 148 101 186 102 70 853 831 121 88 710 43 745 48 76 690 644
internal_count=5000 2192 1117 2808 1424 628 1074 221 796 1075 540 535 1384 1175 148 101 186 102 70 853 831 121 88 710 43 745 48 76 690 644
is_linear=0
shrinkage=0.1


Tree=41
num_leaves=31
num_cat=0
split_feature=1 1 0 0 1 0 0 0 3 0 0 0 0 2 2 0 0 0 0 0 0 0 2 0 0 0 3 0 0 0
split_gain=0.0161951 0.0094808 0.0084162 0.00710267 0.00740377 0.00706887 0.005477 0.00497519 0.00491272 0.005036 0.00561051 0.00777687 0.00849829 0.00509636 0.0155186 0.00571871 0.00480436 0.00804734 0.00455638 0.00437711 0.00423461 0.0067093 0.00419342 0.00417064 0.00409608 0.00421844 0.00412297 0.00402194 0.00386057 0.00324767
threshold=2.5000000000000004 1.0000000180025095e-35 0.54247352480888378 0.93590679764747631 4.5000000000000009 0.99602460861206066 0.78904280066490184 0.95304951071739208 1.0000000180025095e-35 0.56518462300300609 0.60290887951850902 0.58856511116027843 0.57960009574890148 4.5000000000000009 3.5000000000000004 0.72286108136177074 0.65146166086196911 0.64097231626510631 0.81839299201965343 0.97202536463737499 0.54690846800804149 0.53422278165817272 3.5000000000000004 0.65322408080101024 0.56084686517715465 0.59918230772018444 1.0000000180025095e-35 0.55127096176147472 0.96441689133644115 0.6390553116798402
decision_type=2 2 2 2 2 2 2 2 2 2 2 2 2 2 2 2 2 2 2 2 2 2 2 2 2 2 2 2 2 2
left_child=1 16 -3 4 20 8 23 -5 27 -10 11 12 22 14 28 -16 17 -1 -17 -9 21 -2 -11 -6 -22 26 -26 -4 -12 -27
right_child=3 2 5 7 6 -7 -8 19 9 10 13 -13 -14 -15 15 18 -18 -19 -20 -21 24 -23 -24 -25 25 29 -28 -29 -30 -31
leaf_value=-0.00014702215465637515 0.00051300827104309326 0.00052905966316237551 0.0013349442438294109 -0.0015850021572852578 0.001819123633322306 -0.0017207174021750692 0.0028077661824811783 0.00089987999489230495 -0.0010962559592891401 -4.3195094447582963e-05 -0.00019630648787699007 0.0017334929264679151 -0.001310278918413866 -0.00052187337581356718 -2.2797549116568499e-05 0.002171526959217671 -0.00047718962010054149 0.0019191376777598634 0.00078372122733381348 -0.00069207142417629559 -0.00088213014574388838 0.0026089550307785564 0.0018736335027608134 -2.6418631896376614e-05 0.00194634166039196 -0.00038520613324020389 0.00040987345331814138 7.8991858658803189e-05 -0.0010506198364149395 0.00035017284775506807
leaf_weight=328 56 280 26 27 24 25 21 31 56 25 601 37 31 335 52 36 757 20 69 39 28 21 21 25 31 68 40 1318 58 514
leaf_count=328 56 280 26 27 24 25 21 31 56 25 601 37 31 335 52 36 757 20 69 39 28 21 21 25 31 68 40 1318 58 514
internal_value=1.94821e-12 -8.57461e-05 7.29219e-06 0.000377746 0.00047259 -4.70182e-05 0.00145659 -0.000431851 -3.13174e-05 -0.000168267 -0.000127186 0.000541991 -3.05483e-05 -0.000193464 -5.86396e-05 0.000834817 -0.000335813 -2.82773e-05 0.00125954 1.29356e-05 0.000381719 0.00108463 0.000831879 0.00087752 0.000302242 0.000353027 0.00108073 0.000103289 -0.000271496 0.000264252
internal_weight=5000 4075 2970 925 828 2690 70 97 2665 1321 1265 114 77 1151 816 157 1105 348 105 70 758 77 46 49 681 653 71 1344 659 582
internal_count=5000 4075 2970 925 828 2690 70 97 2665 1321 1265 114 77 1151 816 157 1105 348 105 70 758 77 46 49 681 653 71 1344 659 582
is_linear=0
shrinkage=0.1


Tree=42
num_leaves=31
num_cat=0
split_feature=2 2 2 0 0 0 1 0 0 0 1 0 0 1 0 0 0 1 0 0 0 1 2 0 0 0 0 0 0 2
split_gain=0.0137145 0.0190784 0.0608454 0.0119568 0.00951676 0.0195405 0.00924613 0.00847324 0.0081809 0.00681797 0.00650341 0.00629808 0.00597607 0.00577409 0.00468497 0.00515931 0.00854963 0.0046609 0.00441841 0.00479321 0.00876292 0.00405252 0.00404495 0.00649955 0.00550035 0.00401404 0.00387493 0.00381319 0.0156407 0.00807697
threshold=1.0000000180025095e-35 3.5000000000000004 4.5000000000000009 0.51830527186393749 0.96227243542671215 0.9470483958721162 3.5000000000000004 0.9879293441772462 0.93590679764747631 0.52917867898941051 1.0000000180025095e-35 0.97754392027854931 0.87534609436988842 1.0000000180025095e-35 0.8542768955230714 0.52783659100532543 0.51583248376846325 3.5000000000000004 0.92877322435379039 0.68738672137260448 0.67581814527511608 2.5000000000000004 5.5000000000000009 0.92590162158012401 0.90221279859542858 0.92385751008987438 0.89312097430229198 0.62920898199081432 0.61726689338684093 2.5000000000000004
decision_type=2 2 2 2 2 2 2 2 2 2 2 2 2 2 2 2 2 2 2 2 2 2 2 2 2 2 2 2 2 2
left_child=4 8 3 -3 5 6 9 10 13 -1 -4 12 14 -2 15 16 -12 -5 19 20 21 27 24 26 -14 -11 -24 28 -15 -29
right_child=1 2 7 17 -6 -7 -8 -9 -10 25 11 -13 22 18 -16 -17 -18 -19 -20 -21 -22 -23 23 -25 -26 -27 -28 29 -30 -31
leaf_value=0.0016379471914685407 -0.00053469081316367148 0.0031675678153987976 -0.00059658480321671129 0.00073215694296911607 -0.00079537568311996258 0.0035320339314196081 0.0019380238735864528 -0.0019028903761257729 -0.00080848743764079252 0.00030861412652135201 -0.00022670243665374613 0.0016285393481320215 -0.0019068154818385318 -0.00022306562926011108 0.0010603688977425918 -0.00012686245540799747 0.0020449906335852576 0.001723390873795485 0.0011095457517638289 -0.00030350795000587573 0.00140993728982317 0.00041030732616874094 -0.00039781341994447373 -0.00083960331430716912 -0.00045927584545487276 -0.00078565985248941518 0.0013503624069926446 -5.5409079925058756e-05 0.0022435255149113281 -0.001832159649784444
leaf_weight=37 416 22 325 679 59 21 38 30 256 487 37 21 42 314 40 722 30 51 29 785 45 152 21 64 70 36 32 71 28 40
leaf_count=37 416 22 325 679 59 21 38 30 256 487 37 21 42 314 40 722 30 51 29 785 45 152 21 64 70 36 32 71 28 40
internal_value=-5.26566e-13 -6.5596e-05 0.000142089 0.00087063 0.00041815 0.000533817 0.000428529 -0.000239964 -0.000278142 0.000326099 -0.000204431 -8.63128e-05 -0.000120351 -0.000205925 4.56187e-06 -4.89645e-05 0.000790474 0.000801408 -0.000112505 -0.000137202 6.36455e-05 -3.64919e-05 -0.000572544 -0.000161343 -0.0010021 0.000233291 0.000657689 -0.000186411 -2.11225e-05 -0.00069568
internal_weight=5000 4322 2186 752 678 619 598 1434 2136 560 1404 1079 1058 1880 829 789 67 730 1464 1435 650 605 229 117 112 523 53 453 342 111
internal_count=5000 4322 2186 752 678 619 598 1434 2136 560 1404 1079 1058 1880 829 789 67 730 1464 1435 650 605 229 117 112 523 53 453 342 111
is_linear=0
shrinkage=0.1


Tree=43
num_leaves=31
num_cat=0
split_feature=3 1 0 0 0 2 0 0 0 0 0 0 2 2 0 0 0 0 1 1 0 0 0 2 0 0 0 0 0 0
split_gain=0.0130168 0.010135 0.00781063 0.00614038 0.00688116 0.00538053 0.00536273 0.00487389 0.00867366 0.0149257 0.0045057 0.00848666 0.00443533 0.0183496 0.00664031 0.00659321 0.00448849 0.00616194 0.00513636 0.00442462 0.0043893 0.00424044 0.00423169 0.00505165 0.00422699 0.00752359 0.00588053 0.00418274 0.00666933 0.0189239
threshold=1.0000000180025095e-35 2.5000000000000004 0.52783659100532543 0.75000432133674633 0.72951611876487743 1.0000000180025095e-35 0.76639375090599071 0.71617025136947643 0.64513748884201061 0.60969197750091564 0.89578428864479076 0.96227243542671215 3.5000000000000004 4.5000000000000009 0.60290887951850902 0.97017219662666332 0.56084686517715465 0.59378358721733104 1.0000000180025095e-35 1.0000000180025095e-35 0.55542752146720897 0.55312469601631176 0.6686999797821046 3.5000000000000004 0.8388219177722932 0.85106337070465099 0.80979430675506603 0.94324612617492687 0.90517860651016246 0.88665375113487255
decision_type=2 2 2 2 2 2 2 2 2 2 2 2 2 2 2 2 2 2 2 2 2 2 2 2 2 2 2 2 2 2
left_child=1 5 -3 4 19 7 -5 8 9 -1 -9 -12 16 14 20 -15 18 -18 -7 22 -14 -4 -2 -24 26 -26 -19 28 29 -23
right_child=3 2 21 6 -6 12 -8 10 -10 -11 11 -13 13 15 -16 -17 17 24 -20 -21 -22 27 23 -25 25 -27 -28 -29 -30 -31
leaf_value=0.0013259761004082975 -0.00018282207299408684 0.0024148608896542682 -0.00070654652543972977 -0.00114074504954624 0.0008974872430958903 -0.00084995093683783824 -0.0002682649814118346 -0.00029938807741640823 0.0023898158455267549 -0.0019063566136173903 0.0017546802538594133 -0.00051683133532261032 0.00083820875359731043 -9.7766749871273852e-05 0.000540661105256689 -0.0016960888083472295 -0.0011540059320817608 -9.882165399754848e-05 0.00073278276213761611 3.6507546184199052e-05 0.0025078078877413647 0.00071618800416835271 -0.001878692747375585 -0.00017340044687443881 -0.0023425947068608367 -0.0003235382813483937 0.0010884786723181605 -0.00043738630637036344 0.0018680827533144777 -0.002252292013524667
leaf_weight=50 180 22 28 75 79 26 1161 95 32 20 38 29 31 585 257 27 69 371 97 894 32 324 38 32 20 239 47 38 41 23
leaf_count=50 180 22 28 75 79 26 1161 95 32 20 38 29 31 585 257 27 69 371 97 894 32 324 38 32 20 239 47 38 41 23
internal_value=2.39488e-13 0.000158725 0.000574699 -0.000164018 -5.15771e-06 6.28392e-05 -0.000321207 0.000484446 0.00102594 0.000402452 0.000143505 0.000771489 1.03787e-06 0.000152571 0.000766201 -0.000168281 -0.000161481 -0.000253764 0.000398221 -6.74907e-05 0.00168626 0.000485528 -0.000439388 -0.00109913 -0.000162012 -0.00047945 3.46786e-05 0.00056388 0.000661942 0.00051943
internal_weight=5000 2541 476 2459 1223 2065 1236 264 102 70 162 67 1801 932 320 612 869 746 123 1144 63 454 250 70 677 259 418 426 388 347
internal_count=5000 2541 476 2459 1223 2065 1236 264 102 70 162 67 1801 932 320 612 869 746 123 1144 63 454 250 70 677 259 418 426 388 347
is_linear=0
shrinkage=0.1


Tree=44
num_leaves=31
num_cat=0
split_feature=3 1 0 1 2 0 0 0 2 0 2 0 0 1 0 0 0 0 0 0 0 0 2 0 0 0 0 0 2 0
split_gain=0.0105436 0.00820935 0.00632661 0.00534418 0.00435823 0.00432402 0.00642534 0.00622123 0.0146793 0.00594107 0.00807139 0.010672 0.00629244 0.00521169 0.0116317 0.00430305 0.00396741 0.00394785 0.00702566 0.0120898 0.00365577 0.00646522 0.00418893 0.00435089 0.0115357 0.00539568 0.00365497 0.00656697 0.00350491 0.00704813
threshold=1.0000000180025095e-35 2.5000000000000004 0.52783659100532543 1.0000000180025095e-35 1.0000000180025095e-35 0.74163156747818004 0.72951611876487743 0.7765195667743684 1.5000000000000002 0.81839299201965343 2.5000000000000004 0.7984236776828767 0.82930046319961559 1.5000000000000002 0.76092571020126354 0.84398281574249279 0.7637692689895631 0.71617025136947643 0.64513748884201061 0.60969197750091564 0.64326518774032604 0.6390553116798402 2.5000000000000004 0.60969197750091564 0.56298932433128368 0.62342023849487316 0.89312097430229198 0.96227243542671215 4.5000000000000009 0.62097719311714183
decision_type=2 2 2 2 2 2 2 2 2 2 2 2 2 2 2 2 2 2 2 2 2 2 2 2 2 2 2 2 2 2
left_child=1 4 -3 -2 17 6 -5 8 -7 10 11 -9 -11 16 -15 -14 -10 18 19 -1 21 22 23 24 -6 -25 -19 -28 29 -24
right_child=3 2 -4 5 20 7 -8 9 13 12 -12 -13 15 14 -16 -17 -18 26 -20 -21 -22 -23 28 25 -26 -27 27 -29 -30 -31
leaf_value=0.0011933785150758922 -0.00042421208039848039 0.002173374758355997 0.00043697498080660165 3.2856791598008218e-05 0.00023930862211966002 0.00077129711318871404 0.0013954600872239098 -0.0017075516181648709 -0.0015013519849162551 -0.0015304717976606401 0.0010717807403786785 0.00080231965621351269 0.00053511123976357727 -0.0023618656538680876 0.00097025448107160631 -0.00026426357304235249 -0.0033747528810636144 -0.00027998114732013998 0.0021508342274955796 -0.0017157210619188846 -9.415261613824851e-05 0.0019796609232435002 0.0009334822153382324 0.0017344352656933058 -0.0016038126800770427 -0.00053501834103371945 0.0015112658278667369 -0.00046514818476962633 3.9958725050911202e-05 -0.00088186286902055145
leaf_weight=50 544 22 454 894 84 38 36 32 26 36 88 36 76 22 20 591 20 93 32 20 1246 20 148 22 57 20 40 29 179 25
leaf_count=50 544 22 454 894 84 38 36 32 26 36 88 36 76 22 20 591 20 93 32 20 1246 20 148 22 57 20 40 29 179 25
internal_value=5.17321e-14 0.000142852 0.000517229 -0.000147616 5.65552e-05 -6.90423e-05 8.56027e-05 -0.000215052 -0.000871245 -0.000118801 0.000439478 -0.000378796 -0.000242686 -0.00158052 -0.000775142 -0.00017318 -0.00231587 0.000436001 0.000923345 0.000362207 9.3408e-07 0.000214408 0.000148417 -0.000239662 -0.000505783 0.000653743 0.000129155 0.000680599 0.000350174 0.000671149
internal_weight=5000 2541 476 2459 2065 1915 930 985 126 859 156 68 703 88 42 667 46 264 102 70 1801 555 535 183 141 42 162 69 352 173
internal_count=5000 2541 476 2459 2065 1915 930 985 126 859 156 68 703 88 42 667 46 264 102 70 1801 555 535 183 141 42 162 69 352 173
is_linear=0
shrinkage=0.1


Tree=45
num_leaves=31
num_cat=0
split_feature=2 2 2 0 0 0 1 0 0 0 1 0 1 3 0 3 0 0 0 2 0 0 0 0 0 0 0 1 0 0
split_gain=0.009153 0.0140191 0.0446475 0.00923881 0.00626168 0.0147957 0.0073154 0.00599763 0.00584118 0.00482685 0.00439392 0.00563587 0.00436526 0.00446181 0.00509185 0.00421244 0.00728315 0.00755095 0.011254 0.00713999 0.00931562 0.00726252 0.00569806 0.0035896 0.00388872 0.00355387 0.00446456 0.003415 0.00331905 0.00313567
threshold=1.0000000180025095e-35 3.5000000000000004 4.5000000000000009 0.51830527186393749 0.96227243542671215 0.9470483958721162 3.5000000000000004 0.9879293441772462 0.93590679764747631 0.52917867898941051 1.0000000180025095e-35 0.97754392027854931 4.5000000000000009 1.0000000180025095e-35 0.5924232304096223 1.0000000180025095e-35 0.90890491008758556 0.8388219177722932 0.83085075020790111 2.5000000000000004 0.86401391029357921 0.86536788940429699 0.88901787996292125 0.63417702913284313 0.65322408080101024 0.56518462300300609 0.5197696089744569 3.5000000000000004 0.92385751008987438 0.68406257033348095
decision_type=2 2 2 2 2 2 2 2 2 2 2 2 2 2 2 2 2 2 2 2 2 2 2 2 2 2 2 2 2 2
left_child=4 8 3 -3 5 6 9 10 15 -1 -4 12 13 -12 25 16 17 18 -2 20 -19 -21 -22 -16 -25 26 -15 -5 -11 -17
right_child=1 2 7 27 -6 -7 -8 -9 -10 28 11 -13 -14 14 23 29 -18 19 -20 21 22 -23 -24 24 -26 -27 -28 -29 -30 -31
leaf_value=0.0013564944199626209 -4.1106998825975158e-05 0.002767580554989929 -0.00049527325161481998 0.00062839529969478225 -0.00064274572147751013 0.0030443635292439946 0.0016864846690288306 -0.0016018958048274121 -0.00068392029951951376 0.00024310408995973973 6.5568924763054917e-05 0.0015463499219289848 0.0013552985736168923 0.00095374604078153006 -0.0014241907881417624 -0.00010827162890019767 0.0010314408579047342 -0.0016242367701187475 0.0023632510815514256 -0.00068594926871873188 0.0016104602207498695 -0.003095402497671206 -0.00055758444200777876 0.00087406717198477545 -0.00049803046545847244 0.0011674594907221504 -0.00066744920533929708 0.001476865832427946 -0.00075193961319099708 -0.00047896898610357637
leaf_weight=37 731 22 325 679 59 21 38 30 256 487 533 21 20 26 39 391 61 29 20 29 27 22 22 22 338 31 49 51 36 548
leaf_count=37 731 22 325 679 59 21 38 30 256 487 533 21 20 26 39 391 61 29 20 29 27 22 22 22 338 31 49 51 36 548
internal_value=1.03309e-12 -5.35882e-05 0.000124442 0.00074852 0.000341605 0.000435428 0.00034381 -0.00020283 -0.000235785 0.0002527 -0.000172935 -7.58453e-05 -0.000108044 -0.000136239 -0.000349237 -0.000174763 -2.52338e-05 -9.84805e-05 2.29238e-05 -0.000805261 -0.000203683 -0.00172532 0.000637052 -0.000512903 -0.00041418 0.000266827 -0.000105435 0.000687672 0.000174612 -0.00032461
internal_weight=5000 4322 2186 752 678 619 598 1434 2136 560 1404 1079 1058 1038 505 1880 941 880 751 129 78 51 49 399 360 106 75 730 523 939
internal_count=5000 4322 2186 752 678 619 598 1434 2136 560 1404 1079 1058 1038 505 1880 941 880 751 129 78 51 49 399 360 106 75 730 523 939
is_linear=0
shrinkage=0.1


Tree=46
num_leaves=31
num_cat=0
split_feature=1 2 2 2 2 2 2 0 0 0 0 0 0 0 0 0 0 0 3 1 0 0 0 0 0 0 0 1 0 3
split_gain=0.00825452 0.00443673 0.00524857 0.0133493 0.00395153 0.021514 0.00627315 0.00616589 0.0101199 0.00447034 0.00424228 0.00381327 0.00364464 0.00567256 0.00814764 0.00354994 0.0054037 0.00332048 0.00495445 0.00320458 0.00558041 0.00724231 0.00355394 0.00316161 0.00314539 0.00303051 0.00453827 0.00292746 0.00286418 0.00280331
threshold=1.5000000000000002 1.0000000180025095e-35 3.5000000000000004 4.5000000000000009 4.5000000000000009 3.5000000000000004 1.0000000180025095e-35 0.81839299201965343 0.84730911254882824 0.87705254554748546 0.52917867898941051 0.84730911254882824 0.65763244032859813 0.68579781055450451 0.72027656435966503 0.8000679910182954 0.78288164734840404 0.93590679764747631 1.0000000180025095e-35 2.5000000000000004 0.8038204312324525 0.8708171844482423 0.55763518810272228 0.90221279859542858 0.97017219662666332 0.7478417456150056 0.58287447690963756 4.5000000000000009 0.93590679764747631 1.0000000180025095e-35
decision_type=2 2 2 2 2 2 2 2 2 2 2 2 2 2 2 2 2 2 2 2 2 2 2 2 2 2 2 2 2 2
left_child=4 12 -3 19 5 6 10 15 -9 11 -1 -6 -2 -14 -15 16 25 -10 -19 20 22 -22 -4 -11 27 26 -7 -5 -8 -24
right_child=1 2 3 24 9 7 28 8 17 23 -12 -13 13 14 -16 -17 -18 18 -20 -21 21 -23 29 -25 -26 -27 -28 -29 -30 -31
leaf_value=0.0014981248442464594 0.0010468137401842578 -7.8218942361042433e-05 0.001236888436092572 -1.1919575214790154e-05 -0.00023000349637301821 0.001480660318338778 -0.00025942953766109266 -0.0019860877288738264 4.429282810385551e-05 -0.0015412837561023865 6.6752166503647459e-05 0.00084346139936574869 -0.001169148852932267 0.0023719617846654729 0.00024011227715426699 0.0021893584891222416 -0.00069043324963951659 0.0019558986592788383 -2.1102845494169741e-06 0.0011248028074468104 0.0025285935029387475 0.00046376248023339683 -0.00067713058871539454 -0.00051942759891971952 -0.00093247290028052206 0.0018873613543109969 0.00043485704552918922 0.001219768710434437 -0.00072549930018132305 0.00037700529352818827
leaf_weight=22 87 945 22 549 607 64 1040 20 88 38 352 35 24 20 173 20 22 28 24 140 26 49 52 149 36 30 118 20 151 49
leaf_count=22 87 945 22 549 607 64 1040 20 88 38 352 35 24 20 173 20 22 28 24 140 26 49 52 149 36 30 118 20 151 49
internal_value=2.60872e-12 0.000145425 8.83368e-05 0.000255246 -0.000113523 -3.67444e-05 -0.000206327 0.00060431 0.000118066 -0.000296809 0.000150951 -0.000171481 0.000499973 0.000280733 0.000461029 0.000910606 0.000801311 0.000418659 0.0010522 0.000758622 0.000499706 0.00117957 8.51546e-05 -0.000727078 -2.59793e-05 0.000956114 0.000802612 3.13735e-05 -0.00031852 -0.000165718
internal_weight=5000 2192 1888 943 2808 1979 1565 414 160 829 374 642 304 217 193 254 234 140 52 338 198 75 123 187 605 212 182 569 1191 101
internal_count=5000 2192 1888 943 2808 1979 1565 414 160 829 374 642 304 217 193 254 234 140 52 338 198 75 123 187 605 212 182 569 1191 101
is_linear=0
shrinkage=0.1


Tree=47
num_leaves=31
num_cat=0
split_feature=0 3 1 2 1 0 0 2 2 1 2 0 0 0 1 0 2 2 0 0 0 0 0 2 2 0 0 2 1 0
split_gain=0.00725022 0.00700206 0.00539188 0.00428266 0.00413925 0.00299423 0.00327466 0.00521675 0.0108543 0.0101278 0.0093682 0.00933072 0.00628589 0.00518809 0.00465245 0.00452363 0.0176869 0.00504843 0.00547119 0.00380658 0.00864287 0.00334677 0.00397066 0.00321585 0.00625414 0.00572024 0.00691368 0.0036261 0.00701166 0.00366679
threshold=0.99602460861206066 1.0000000180025095e-35 4.5000000000000009 3.5000000000000004 1.0000000180025095e-35 0.70260703563690197 0.75000432133674633 4.5000000000000009 3.5000000000000004 2.5000000000000004 2.5000000000000004 0.78054019808769237 0.75748476386070263 0.80175548791885387 1.0000000180025095e-35 0.72951611876487743 2.5000000000000004 3.5000000000000004 0.70983868837356578 0.96227243542671215 0.9470483958721162 0.84118103981018078 0.8542768955230714 2.5000000000000004 1.0000000180025095e-35 0.64326518774032604 0.60969197750091564 5.5000000000000009 2.5000000000000004 0.61726689338684093
decision_type=2 2 2 2 2 2 2 2 2 2 2 2 2 2 2 2 2 2 2 2 2 2 2 2 2 2 2 2 2 2
left_child=1 2 5 -4 -3 23 15 8 10 11 12 -10 -8 -13 -9 17 -17 -7 -19 20 -14 -12 -23 24 25 26 -1 -25 29 -29
right_child=-2 4 3 -5 -6 6 7 14 9 -11 21 13 19 -15 -16 16 -18 18 -20 -21 -22 22 -24 27 -26 -27 -28 28 -30 -31
leaf_value=0.00078750914270880033 -0.0013760274153594909 -0.0003536084421475557 0.0023078848887234929 0.00030704694673540475 -4.0517047965899141e-05 0.00068415160469997393 0.001931048548292546 -0.00094975208740907954 0.0025911062210798265 0.0025423064825978751 -3.3449331420429408e-05 -0.0011650826471547285 0.0001651486479406156 0.0005228783072602942 -5.5461849045540854e-05 -0.0026075857678531777 0.00017912596006006484 -0.0017267535696155391 0.00010424606165194766 -0.00047042186274723731 0.0020522028977911061 -0.0022217766451649366 -0.00066560593753180641 0.00053509086691996171 -0.00020925254757340144 0.0018053524311624409 -0.0010795450070872903 0.00012158342640185239 0.001699543008580804 -0.00098106342728715391
leaf_weight=68 38 543 20 23 1899 65 21 74 20 30 63 21 365 137 272 36 62 25 47 79 26 20 91 441 309 31 28 76 20 50
leaf_count=68 38 543 20 23 1899 65 21 74 20 30 63 21 365 137 272 36 62 25 47 79 26 20 91 441 309 31 28 76 20 50
internal_value=1.54567e-12 1.05379e-05 0.000127476 0.00123767 -0.000110136 0.000108204 1.59816e-05 8.18736e-05 0.000212109 0.000842591 1.49056e-05 0.000556122 0.000238341 0.000298529 -0.000246726 -0.000325816 -0.000844564 4.52597e-05 -0.000531518 0.000162709 0.000290631 -0.000615592 -0.000945997 0.00023928 3.35556e-05 0.000624325 0.000242952 0.000392084 -3.98765e-05 -0.000315975
internal_weight=5000 4962 2520 43 2442 2477 1454 1219 873 208 665 178 491 158 346 235 98 137 72 470 391 174 111 1023 436 127 96 587 146 126
internal_count=5000 4962 2520 43 2442 2477 1454 1219 873 208 665 178 491 158 346 235 98 137 72 470 391 174 111 1023 436 127 96 587 146 126
is_linear=0
shrinkage=0.1


Tree=48
num_leaves=31
num_cat=0
split_feature=3 1 0 0 0 0 0 0 0 0 2 0 0 2 2 0 0 0 1 0 0 0 0 2 0 0 0 0 0 0
split_gain=0.00587706 0.00463298 0.00473231 0.00447802 0.00773398 0.00547426 0.00312623 0.00548626 0.00426251 0.00279134 0.00312215 0.00523307 0.00253523 0.00277486 0.0143018 0.00480893 0.00586221 0.00576723 0.0044543 0.00424892 0.0039323 0.00365757 0.00383136 0.00351385 0.00347018 0.00781245 0.00459211 0.00334199 0.00482338 0.00707515
threshold=1.0000000180025095e-35 3.5000000000000004 0.52383488416671764 0.88665375113487255 0.83201095461845409 0.7637692689895631 0.90119946002960216 0.89312097430229198 0.87906971573829662 0.51583248376846325 4.5000000000000009 0.50811097025871288 0.87534609436988842 3.5000000000000004 4.5000000000000009 0.53558674454689037 0.63062384724617015 0.81839299201965343 2.5000000000000004 0.78904280066490184 0.86171594262123119 0.75156718492507946 0.68988433480262767 1.0000000180025095e-35 0.53558674454689037 0.55127096176147472 0.51356586813926708 0.56929969787597667 0.68579781055450451 0.64900735020637523
decision_type=2 2 2 2 2 2 2 2 2 2 2 2 2 2 2 2 2 2 2 2 2 2 2 2 2 2 2 2 2 2
left_child=1 2 9 4 5 -3 7 8 12 10 11 -1 13 20 15 -15 -17 18 19 21 23 22 -18 27 26 -26 -25 -2 29 -29
right_child=6 3 -4 -5 -6 -7 -8 -9 -10 -11 -12 -13 -14 14 -16 16 17 -19 -20 -21 -22 -23 -24 24 25 -27 -28 28 -30 -31
leaf_value=0.0016884580803369837 0.00095789434006369545 0.00095052578472871259 4.0735488291877867e-05 -0.0003669543814196784 0.0026626260818115306 -0.00080248766905202976 -0.00033797707333892618 0.0011687932471330796 -0.00088617932365556802 0.0013908016107728681 -0.00059090446447953584 -0.00042944004526361827 0.0009503567512147128 0.0019285728327102132 -0.00022813617939997736 -0.00023691433980275179 0.00019328657537698746 -0.00027532101220630642 0.0023096786164947284 0.0021802868903614582 -0.0011976434862137669 -0.00052042310138779649 0.0016729319335094521 1.7499196757045057e-05 0.0015725846104323864 -0.00022809922663703707 -0.0014700326526879658 0.00017821550149085892 0.00042750022870390427 -0.0017957302365569682
leaf_weight=28 47 79 2272 35 21 23 484 36 63 39 24 20 25 27 528 72 35 37 26 20 36 23 35 36 25 665 49 46 114 30
leaf_count=28 47 79 2272 35 21 23 484 36 63 39 24 20 25 27 528 72 35 37 26 20 36 23 35 36 25 665 49 46 114 30
internal_value=7.02075e-13 0.000106653 7.18836e-05 0.000631051 0.000915036 0.000555238 -0.000110209 -5.43918e-05 -7.71018e-05 0.000709438 0.000340366 0.000806001 -4.99313e-05 -6.34414e-05 7.64336e-05 0.000661207 0.000523228 0.000834196 0.00112953 0.000857997 -0.000170617 0.000573634 0.000933109 -0.000134082 -0.000237126 -0.000162857 -0.000840019 0.000202878 1.61107e-05 -0.000600974
internal_weight=5000 2541 2383 158 123 102 2459 1975 1939 111 72 48 1876 1851 803 275 248 176 139 113 1048 93 70 1012 775 690 85 237 190 76
internal_count=5000 2541 2383 158 123 102 2459 1975 1939 111 72 48 1876 1851 803 275 248 176 139 113 1048 93 70 1012 775 690 85 237 190 76
is_linear=0
shrinkage=0.1


Tree=49
num_leaves=31
num_cat=0
split_feature=0 1 0 0 0 0 0 0 2 0 0 0 2 2 2 0 1 0 0 0 2 2 0 0 0 0 0 2 0 0
split_gain=0.00574119 0.00557737 0.00335276 0.00561646 0.00405765 0.00445798 0.0065469 0.00705577 0.00571047 0.00433296 0.00255455 0.00531265 0.00246978 0.00316972 0.00903007 0.00528296 0.0033853 0.00284223 0.00424901 0.00622271 0.00243439 0.0121337 0.00891379 0.00414494 0.00708062 0.00362243 0.00341643 0.00283397 0.00275662 0.00818166
threshold=0.99602460861206066 1.5000000000000002 0.52783659100532543 0.52156502008438121 0.53422278165817272 0.54902255535125744 0.56518462300300609 0.58441710472106945 1.5000000000000002 0.57720559835433971 0.51356586813926708 0.50606879591941845 1.0000000180025095e-35 3.5000000000000004 4.5000000000000009 0.65146166086196911 2.5000000000000004 0.65763244032859813 0.68579781055450451 0.72027656435966503 3.5000000000000004 4.5000000000000009 0.52783659100532543 0.81702741980552684 0.84730911254882824 0.53558674454689037 0.56518462300300609 1.5000000000000002 0.55542752146720897 0.60740214586257946
decision_type=2 2 2 2 2 2 2 2 2 2 2 2 2 2 2 2 2 2 2 2 2 2 2 2 2 2 2 2 2 2
left_child=1 10 3 -3 -4 -6 -7 8 -8 -10 11 -1 17 -14 15 16 -15 -9 -19 -20 22 23 27 28 -25 -23 -24 -12 -22 -30
right_child=-2 2 4 -5 5 6 7 12 9 -11 20 -13 13 14 -16 -17 -18 18 19 -21 21 25 26 24 -26 -27 -28 -29 29 -31
leaf_value=-0.00064530650602786675 -0.0012244829105360336 0.00030208791487096819 -0.0010351496098014797 0.0020550860476720592 0.00095255278800088434 -0.00088779448302706118 -0.00029295322192073975 0.0011665209481419114 0.00075673059530215279 0.0023302542506523122 -0.00084889875724911698 0.0010575628952553743 -0.0001096991864682736 -0.00093901041602235166 -7.964838976923553e-05 0.00084440930058998569 0.00066220800736514122 -0.0010258306729762504 0.0020550585491582751 0.00019198327212233764 -3.3327669086979656e-05 0.00065246589029104355 0.00036274080551125309 -0.0016093563801735978 0.00032735206746965426 -0.00027109430808267888 -0.00018806570944505458 -0.0023978093905108319 0.0023062410916088886 0.00058478414201241038
leaf_weight=28 38 89 31 23 62 66 27 38 42 30 27 53 778 31 497 225 23 24 20 173 41 45 123 22 133 755 1333 21 33 169
leaf_count=28 38 89 31 23 62 66 27 38 42 30 27 53 778 31 497 225 23 24 20 173 41 45 123 22 133 755 1333 21 33 169
internal_value=1.25208e-12 9.37734e-06 0.000129193 0.000662079 0.000100319 0.000117608 9.13833e-05 0.000125254 0.000947279 0.00141237 -8.44347e-05 0.000468917 8.02678e-05 3.29359e-05 0.000175939 0.000631231 -0.00025701 0.000368714 0.000229006 0.000385048 -0.000101023 5.32954e-06 -0.000185737 0.000456533 5.24644e-05 -0.000219144 -0.000141535 -0.00152655 0.000714272 0.000866012
internal_weight=5000 4962 2179 112 2067 2036 1974 1908 99 72 2783 81 1809 1554 776 279 54 255 217 193 2702 1198 1504 398 155 800 1456 48 243 202
internal_count=5000 4962 2179 112 2067 2036 1974 1908 99 72 2783 81 1809 1554 776 279 54 255 217 193 2702 1198 1504 398 155 800 1456 48 243 202
is_linear=0
shrinkage=0.1


Tree=50
num_leaves=31
num_cat=0
split_feature=0 0 1 0 0 3 1 0 0 0 0 0 2 0 0 0 0 0 0 0 0 0 0 2 0 0 0 0 0 0
split_gain=0.00516733 0.00995346 0.00516374 0.00532931 0.00377218 0.00303026 0.00316288 0.00399755 0.00609094 0.00473392 0.00262425 0.00300823 0.00218132 0.00215791 0.00879075 0.00728609 0.00246974 0.0021094 0.00608921 0.00191014 0.00399745 0.0018788 0.00342978 0.0118774 0.00183848 0.00242733 0.00234943 0.00445857 0.00623132 0.00516578
threshold=0.50263577699661266 0.50811097025871288 1.0000000180025095e-35 0.99602460861206066 0.50606879591941845 1.0000000180025095e-35 3.5000000000000004 0.88665375113487255 0.83201095461845409 0.7637692689895631 0.93083894252777111 0.52572613954544078 2.5000000000000004 0.59731158614158641 0.6051064431667329 0.61553892493247997 0.91075631976127636 0.98273369669914257 0.97017219662666332 0.52572613954544078 0.51583248376846325 0.62920898199081432 0.65146166086196911 2.5000000000000004 0.70644858479499828 0.69611546397209179 0.77069550752639782 0.79254552721977245 0.80175548791885387 0.80979430675506603
decision_type=2 2 2 2 2 2 2 2 2 2 2 2 2 2 2 2 2 2 2 2 2 2 2 2 2 2 2 2 2 2
left_child=-1 4 10 5 -2 6 19 8 9 12 11 -3 -8 -13 -15 -16 21 18 -7 20 -4 -17 23 -23 25 -24 -26 -28 -29 -30
right_child=1 2 3 -5 -6 17 7 -9 -10 -11 -12 13 -14 14 15 16 -18 -19 -20 -21 -22 22 24 -25 26 -27 27 28 29 -31
leaf_value=-0.0016041597482035286 0.00072597932186909027 -0.00096676859182133793 -0.00042191238396547062 -0.0012822179915383458 0.0024079824099317196 -2.1654134933205596e-05 0.0015838899276347769 -0.00037878318895202351 0.0023964712906274061 -0.0007355482808476233 -0.00059139623174650111 0.0002358459412812843 0.00048103538426035584 -0.0021413478746332907 0.0015651816397439689 -0.00095571369271386757 0.00057064366438204332 0.0005534775846665409 -0.0010902167532053269 8.6481100780856141e-05 0.0012639129761597501 -0.0011479332720310514 -0.00036724128262753919 0.0019333767736780232 0.00018666667768711171 -0.0014797480450943114 -0.0012832520671597705 0.0013076802706704117 -0.0018201281524462894 -0.00018047312948341789
leaf_weight=20 40 42 22 30 20 1755 29 34 21 23 149 157 47 22 25 33 42 59 55 1719 39 22 91 29 136 25 41 26 21 226
leaf_count=20 40 42 22 30 20 1755 29 34 21 23 149 157 47 22 25 33 42 59 55 1719 39 22 91 29 136 25 41 26 21 226
internal_value=2.4903e-12 6.44241e-06 -9.16984e-06 4.53865e-05 0.00128665 5.58593e-05 0.00014361 0.000578384 0.000849581 0.000521453 -0.000201547 -0.00013962 0.000901861 -0.000100848 -0.000172378 -0.000111964 -0.000172554 -3.49437e-05 -5.41243e-05 0.000105995 0.00065591 -0.000220576 -0.000181257 0.000604184 -0.00025203 -0.000607006 -0.000160526 -0.000310902 -0.000164872 -0.000319877
internal_weight=5000 4980 4920 3833 60 3803 1934 154 120 99 1087 938 76 896 739 717 692 1869 1810 1780 61 650 617 51 566 116 450 314 273 247
internal_count=5000 4980 4920 3833 60 3803 1934 154 120 99 1087 938 76 896 739 717 692 1869 1810 1780 61 650 617 51 566 116 450 314 273 247
is_linear=0
shrinkage=0.1


Tree=51
num_leaves=31
num_cat=0
split_feature=2 2 2 0 0 0 1 0 0 0 1 0 0 0 0 0 0 0 0 0 0 0 0 3 1 0 0 0 0 0
split_gain=0.00489803 0.00679425 0.0202649 0.00590843 0.00372205 0.0115381 0.00421922 0.00348568 0.0031004 0.00301174 0.00308037 0.00292077 0.00394848 0.0037483 0.00452268 0.00791285 0.00643673 0.00415344 0.00308765 0.00485918 0.00333254 0.00378736 0.00350662 0.00850931 0.00283667 0.00275599 0.00351044 0.00367491 0.00282548 0.00273381
threshold=1.0000000180025095e-35 3.5000000000000004 4.5000000000000009 0.51830527186393749 0.96227243542671215 0.9470483958721162 3.5000000000000004 0.9879293441772462 0.93590679764747631 0.98273369669914257 1.5000000000000002 0.86171594262123119 0.8805164396762849 0.83400127291679393 0.80579611659049999 0.78522416949272167 0.75748476386070263 0.74367412924766552 0.71617025136947643 0.68738672137260448 0.56929969787597667 0.5924232304096223 0.64741504192352306 1.0000000180025095e-35 2.5000000000000004 0.97754392027854931 0.87705254554748546 0.88665375113487255 0.83741989731788646 0.84834700822830211
decision_type=2 2 2 2 2 2 2 2 2 2 2 2 2 2 2 2 2 2 2 2 2 2 2 2 2 2 2 2 2 2
left_child=4 8 3 -3 5 6 11 25 -2 24 -11 13 -13 14 15 16 17 18 19 20 -1 -22 -23 -24 -10 26 28 -28 -4 -30
right_child=1 2 7 -5 -6 -7 -8 -9 9 10 -12 12 -14 -15 -16 -17 -18 -19 -20 -21 21 22 23 -25 -26 -27 27 -29 29 -31
leaf_value=0.00064657744574155864 -0.00012158211815868198 0.0021198314175390723 -0.00010693815149348637 0.00045652455920645321 -0.00050902675217712082 0.0026261205031048685 0.0012610114262267753 -0.0012023259109507005 -0.00052842827743430692 -0.00043582876503933226 0.00099720206684044874 -0.0013226409985994301 4.0167724073398865e-05 0.0012180439324583859 -0.0010470464256488615 0.0021327139280567118 -0.0011296549784567426 0.0017135765892453492 -0.00070287889102473857 0.0015129123574062703 -0.0013701676768029022 0.00059193722268063875 0.0011005535814911126 -0.001528859652898973 -0.0016018300429628844 0.00079010161200792283 -0.0015625535063009011 -0.00033379080310616614 0.0011303078723014206 6.2178996021804571e-05
leaf_weight=91 1880 22 992 730 59 21 38 30 163 40 24 27 100 40 27 22 34 20 32 31 21 63 20 32 29 33 27 247 37 68
leaf_count=91 1880 22 992 730 59 21 38 30 163 40 24 27 100 40 27 22 34 20 32 31 21 63 20 32 29 33 27 247 37 68
internal_value=-1.47841e-12 -3.92011e-05 8.47367e-05 0.000505185 0.000249893 0.000322229 0.000241323 -0.000135749 -0.00016604 -0.000492528 0.000101558 0.00017213 -0.000249563 0.000295814 0.000201948 0.000294087 0.0001765 0.000319756 0.00022363 0.000338546 0.00017817 -0.000135249 9.02575e-05 -0.000517547 -0.000690557 -0.000112959 -0.000134696 -0.000454873 -5.47248e-05 0.000438567
internal_weight=5000 4322 2186 752 678 619 598 1434 2136 256 64 560 127 433 393 366 344 310 290 258 227 136 115 52 192 1404 1371 274 1097 105
internal_count=5000 4322 2186 752 678 619 598 1434 2136 256 64 560 127 433 393 366 344 310 290 258 227 136 115 52 192 1404 1371 274 1097 105
is_linear=0
shrinkage=0.1


Tree=52
num_leaves=31
num_cat=0
split_feature=0 0 1 0 1 1 0 0 0 0 0 0 0 0 0 2 0 0 2 2 2 2 0 2 0 0 0 0 0 0
split_gain=0.00418482 0.00764031 0.0040928 0.00411474 0.00334619 0.00234822 0.00509265 0.00601759 0.00788643 0.00217105 0.0024177 0.00662092 0.00644514 0.00217461 0.00297788 0.00944936 0.00214853 0.00415758 0.00240705 0.00304586 0.0037357 0.0056672 0.00705039 0.00343891 0.00735898 0.00379594 0.00408626 0.00328361 0.00303853 0.00589471
threshold=0.50263577699661266 0.50811097025871288 1.0000000180025095e-35 0.99602460861206066 1.5000000000000002 2.5000000000000004 0.52783659100532543 0.53768032789230358 0.54902255535125744 0.52572613954544078 0.59731158614158641 0.6051064431667329 0.61726689338684093 0.62920898199081432 0.65146166086196911 2.5000000000000004 0.57720559835433971 0.59060409665107738 1.0000000180025095e-35 2.5000000000000004 4.5000000000000009 5.5000000000000009 0.70081827044487011 3.5000000000000004 0.8805164396762849 0.90731143951416027 0.8000679910182954 0.72951611876487743 0.71266618371009838 0.80792832374572765
decision_type=2 2 2 2 2 2 2 2 2 2 2 2 2 2 2 2 2 2 2 2 2 2 2 2 2 2 2 2 2 2
left_child=-1 4 9 5 -2 -4 -7 -8 -9 -3 -11 -12 -13 -14 15 -15 -10 -18 -19 -20 23 22 -22 24 -21 26 27 -25 -23 -30
right_child=1 2 3 -5 -6 6 7 8 16 10 11 12 13 14 -16 -17 17 18 19 20 21 28 -24 25 -26 -27 -28 -29 29 -31
leaf_value=-0.0014436204693447508 0.00055919926442009836 -0.0008840935036243451 6.012232673013755e-06 -0.0011258623302758983 0.0021089008009188216 0.001494353939779103 -0.0015672493621241301 0.0021498984328354709 -0.00046953223532505538 0.0002109239868534978 -0.0019279449278573422 0.0012943654545936091 -0.0010728486917977191 -0.0010146748676726765 -0.00024132648908865026 0.0017337005950735307 0.0013175496778961631 0.00056112213020338643 -0.00025371540365225746 0.00050781077175821759 -0.0022514546932970092 0.0012542059159323831 -0.00018820003293621454 0.00036955041219838541 -0.0014562493772245944 0.0019382688736256501 -0.00061726087270389234 0.0018041590420815974 -0.0014273898751707749 0.00055498379253549502
leaf_weight=20 38 42 2899 30 22 29 20 20 54 157 22 29 29 22 757 29 31 113 208 93 22 29 67 39 24 26 22 27 20 60
leaf_count=20 38 42 2899 30 22 29 20 20 54 157 22 29 29 22 757 29 31 113 208 93 22 29 67 39 24 26 22 27 20 60
internal_value=-1.2722e-12 5.79767e-06 -7.88069e-06 4.06899e-05 0.00112742 4.98923e-05 0.000190609 0.000147399 0.000187508 -0.000179151 -0.000150819 -0.000214775 -0.000171254 -0.000222034 -0.000191497 0.000548127 0.000140505 0.000182684 0.000135776 6.03225e-05 0.000212583 -0.000106153 -0.000698218 0.000485785 0.000104927 0.000876667 0.000563012 0.000956436 0.000377277 5.93904e-05
internal_weight=5000 4980 4920 3833 60 3803 904 875 855 1087 1045 888 866 837 808 51 835 781 750 637 429 198 89 231 117 114 88 66 109 80
internal_count=5000 4980 4920 3833 60 3803 904 875 855 1087 1045 888 866 837 808 51 835 781 750 637 429 198 89 231 117 114 88 66 109 80
is_linear=0
shrinkage=0.1


Tree=53
num_leaves=31
num_cat=0
split_feature=2 2 2 0 0 0 1 0 0 0 0 0 0 0 1 0 0 0 0 0 0 0 0 1 0 0 0 0 0 0
split_gain=0.00377185 0.00514767 0.0154155 0.00465659 0.00295962 0.00935678 0.00303055 0.00260585 0.00254665 0.0101531 0.00254629 0.00229073 0.0027997 0.00253836 0.00252517 0.00223116 0.00290176 0.00297959 0.00242211 0.00962316 0.00478529 0.00310474 0.00349825 0.00357803 0.00284103 0.00212214 0.00439778 0.00386985 0.00291902 0.00509789
threshold=1.0000000180025095e-35 3.5000000000000004 4.5000000000000009 0.52783659100532543 0.96227243542671215 0.9470483958721162 3.5000000000000004 0.9879293441772462 0.55542752146720897 0.56929969787597667 0.92385751008987438 0.93590679764747631 0.92590162158012401 0.98273369669914257 1.5000000000000002 0.97754392027854931 0.87705254554748546 0.88665375113487255 0.77833533287048351 0.74580261111259472 0.78904280066490184 0.72951611876487743 0.71617025136947643 1.5000000000000002 0.75748476386070263 0.63062384724617015 0.60290887951850902 0.65322408080101024 0.72286108136177074 0.73693275451660167
decision_type=2 2 2 2 2 2 2 2 2 2 2 2 2 2 2 2 2 2 2 2 2 2 2 2 2 2 2 2 2 2
left_child=4 11 3 -3 5 6 10 15 -5 -10 -1 12 -2 -13 -15 16 18 -18 19 21 -20 22 -4 -24 -21 26 -11 -27 -29 -30
right_child=1 2 7 8 -6 -7 -8 -9 9 25 -12 13 -14 14 -16 -17 17 -19 20 24 -22 -23 23 -25 -26 27 -28 28 29 -31
leaf_value=0.00020818568763950973 -0.00012548225342236873 0.0015188397741631458 5.822555193267163e-06 -0.00032868064442114473 -0.00045745046720524338 0.0023585105536594281 0.001075132349873648 -0.0010410201685347904 0.0026519926940090956 0.0005602620944157433 -0.00066123739492872531 -0.00060724287069054605 0.00068170003677633679 -0.00036659379838965833 0.00093088288849685341 0.00071341870493735334 -0.0014071768384720028 -0.00030074846668086777 0.0014977634940385963 -0.0018938676367818924 7.4898596615709649e-05 0.00092602933496784652 -0.0018173600208352915 7.5235608078184592e-06 -0.00071428760167454252 0.0014713103458394898 -0.00083422617920275255 -0.00015490101359318944 0.0019966385859463897 0.00039945237692697537
leaf_weight=524 1836 38 636 47 59 21 38 30 20 49 36 192 44 40 24 33 27 247 26 29 260 34 22 21 69 34 42 88 21 413
leaf_count=524 1836 38 636 47 59 21 38 30 20 49 36 192 44 40 24 33 27 247 26 29 260 34 22 21 69 34 42 88 21 413
internal_value=7.50561e-13 -3.44005e-05 7.34789e-05 0.000440186 0.00021929 0.000283794 0.000210936 -0.000118825 0.000382778 0.000432911 0.000152294 -0.000144805 -0.000106591 -0.000425442 0.00011996 -9.91198e-05 -0.000118678 -0.000409776 -4.59693e-05 -0.000134209 0.00020425 -6.5018e-06 -5.3197e-05 -0.000926138 -0.00106335 0.000364315 -8.33479e-05 0.000437584 0.000370253 0.000476736
internal_weight=5000 4322 2186 752 678 619 598 1434 714 667 560 2136 1880 256 64 1404 1371 274 1097 811 286 713 679 43 98 647 91 556 522 434
internal_count=5000 4322 2186 752 678 619 598 1434 714 667 560 2136 1880 256 64 1404 1371 274 1097 811 286 713 679 43 98 647 91 556 522 434
is_linear=0
shrinkage=0.1


Tree=54
num_leaves=31
num_cat=0
split_feature=3 1 2 1 2 2 0 0 0 0 0 0 2 0 0 0 2 2 0 0 0 0 0 0 0 0 2 0 0 0
split_gain=0.00361951 0.00348963 0.00361515 0.00201048 0.00237099 0.00206818 0.00463052 0.00319212 0.00189437 0.00346017 0.00253123 0.00162549 0.00417454 0.00264605 0.0023796 0.0025753 0.00147756 0.00818374 0.00547931 0.00349126 0.00478946 0.00719547 0.00405757 0.00312872 0.00418134 0.00374978 0.00524163 0.0031492 0.00292526 0.00759812
threshold=1.0000000180025095e-35 4.5000000000000009 3.5000000000000004 1.0000000180025095e-35 5.5000000000000009 4.5000000000000009 0.73132464289665233 0.92201247811317455 0.58675512671470653 0.52783659100532543 0.55127096176147472 0.98563650250434887 2.5000000000000004 0.98135417699813854 0.97017219662666332 0.97540909051895153 3.5000000000000004 4.5000000000000009 0.91075631976127636 0.86893862485885631 0.72286108136177074 0.76092571020126354 0.54247352480888378 0.5924232304096223 0.56518462300300609 0.64097231626510631 5.5000000000000009 0.5197696089744569 0.70644858479499828 0.7637692689895631
decision_type=2 2 2 2 2 2 2 2 2 2 2 2 2 2 2 2 2 2 2 2 2 2 2 2 2 2 2 2 2 2
left_child=1 -1 -3 4 5 7 -7 8 9 -2 -11 13 -13 14 16 -16 -5 18 19 20 22 -22 -18 24 27 26 -25 -19 -27 -30
right_child=3 2 -4 11 -6 6 -8 -9 -10 10 -12 12 -14 -15 15 -17 17 23 -20 -21 21 -23 -24 25 -26 28 -28 -29 29 -31
leaf_value=6.8322949135922608e-05 -0.00053528150713516099 0.0019601803086698056 0.0001218718729670281 -9.47434718839218e-05 0.00025799651123740557 -0.0016229802973267962 -8.8705634143913079e-05 -0.00094434471008883383 -0.00025273957899709184 0.0017159410065505653 0.00017771048208131739 0.00047619595469491883 -0.0012681729351992118 0.0010210476932115853 -0.0014336272193468177 1.6601236711721868e-05 0.0013310646948715052 0.00081279683553685364 0.0018680849748696866 -0.00070488696846251304 0.0027874949108809234 0.00056708229865223446 -0.00011014665355711866 -0.0021929832309821075 0.0012885750609711978 0.00035459662520712836 -3.392677542499521e-05 -0.0005487921468352861 -0.0014969007590400947 -8.2012655529727912e-05
leaf_weight=2498 28 20 23 1031 77 37 42 56 261 20 23 23 34 24 25 24 24 26 28 26 20 54 105 23 32 82 22 49 46 217
leaf_count=2498 28 20 23 1031 77 37 42 56 261 20 23 23 34 24 25 24 24 26 28 26 20 54 105 23 32 82 22 49 46 217
internal_value=2.8533e-12 8.36983e-05 0.000976899 -8.64894e-05 -0.00025614 -0.000340912 -0.00080729 -0.000245954 -0.000128153 0.000329835 0.000893167 -3.82962e-05 -0.000564305 -2.21592e-05 -3.58107e-05 -0.000723311 -1.69382e-05 8.94507e-05 0.000547595 0.000386137 0.000525874 0.00116719 0.000157986 -0.000147457 0.000331554 -0.000278878 -0.00113744 -7.67746e-05 -0.000166891 -0.000329484
internal_weight=5000 2541 43 2459 544 467 79 388 332 71 43 1915 57 1858 1834 49 1785 754 257 229 203 74 129 497 107 390 45 75 345 263
internal_count=5000 2541 43 2459 544 467 79 388 332 71 43 1915 57 1858 1834 49 1785 754 257 229 203 74 129 497 107 390 45 75 345 263
is_linear=0
shrinkage=0.1


Tree=55
num_leaves=31
num_cat=0
split_feature=0 0 0 3 1 0 0 0 2 0 0 0 0 0 2 2 1 2 0 0 2 0 2 0 0 0 0 0 0 0
split_gain=0.00343633 0.00569398 0.00337302 0.00291666 0.00238559 0.00320615 0.012049 0.0124922 0.00807217 0.00379773 0.00236361 0.00414476 0.0103666 0.00377997 0.0027055 0.00266527 0.00174818 0.00189165 0.00170374 0.00249901 0.00138089 0.00137307 0.00133099 0.0037621 0.00401632 0.00367085 0.00233254 0.00172123 0.00458681 0.00245853
threshold=0.50263577699661266 0.50811097025871288 0.50606879591941845 1.0000000180025095e-35 2.5000000000000004 0.93083894252777111 0.90517860651016246 0.88665375113487255 3.5000000000000004 0.85702133178710949 0.83600708842277538 0.7765195667743684 0.73132464289665233 0.75357362627983104 3.5000000000000004 5.5000000000000009 1.0000000180025095e-35 5.5000000000000009 0.52783659100532543 0.58856511116027843 4.5000000000000009 0.56298932433128368 1.0000000180025095e-35 0.54247352480888378 0.70881193876266491 0.75940716266632091 0.64900735020637523 0.93270072340965282 0.88901787996292125 0.83400127291679393
decision_type=2 2 2 2 2 2 2 2 2 2 2 2 2 2 2 2 2 2 2 2 2 2 2 2 2 2 2 2 2 2
left_child=-1 2 -2 4 -3 6 7 9 -7 10 11 12 15 -14 -13 20 17 18 -5 21 -6 -20 23 -18 26 -26 -25 28 29 -27
right_child=1 3 -4 16 5 8 -8 -9 -10 -11 -12 14 13 -15 -16 -17 22 -19 19 -21 -22 -23 -24 24 25 27 -28 -29 -30 -31
leaf_value=-0.0013081640022573995 0.0004433574015274644 2.2224186185780141e-05 0.00203388188732788 -0.0011056182473951665 0.00040567059524687898 -0.0015778094888383781 0.0024075186268116039 -0.0020376391607620148 0.00093080440698110542 0.0015808411968464499 -0.0006565718268975616 0.0016684589561607158 -0.0022083100153221973 -0.00031095166202811967 0.00032176858501490924 0.0012562155570568785 0.0014884451334364714 0.00022218653567445776 -3.7781587293879554e-05 -0.00036218160722424782 -0.00043962555619972676 0.00099658985965929577 -7.2949367087466485e-05 -2.7880964800715449e-05 0.0016346975800115616 -0.00022802762809748714 -0.0010672726815468387 0.0007095048475007173 -0.0014013532525859775 0.0009616241834009998
leaf_weight=20 40 2027 20 26 159 29 27 23 23 24 25 35 21 21 26 35 20 75 33 383 22 21 1625 50 20 38 38 42 20 32
leaf_count=20 40 2027 20 26 159 29 27 23 23 24 25 35 21 21 26 35 20 75 33 383 22 21 1625 50 20 38 38 42 20 32
internal_value=-2.02775e-13 5.25367e-06 0.000973532 -6.5546e-06 6.92906e-05 0.000272277 0.000364397 0.000223312 -0.00046823 0.000364622 0.000279769 0.00035315 0.00017788 -0.00125963 0.00109446 0.000457395 -8.47162e-05 -0.00024371 -0.000319179 -0.000272389 0.000302927 0.000364474 -3.93375e-05 0.000170737 6.09275e-05 0.000372191 -0.000476709 0.000180902 -6.57793e-05 0.000315813
internal_weight=5000 4980 60 4920 2497 470 418 391 52 368 344 319 258 42 61 216 2423 538 463 437 181 54 1885 260 240 152 88 132 90 70
internal_count=5000 4980 60 4920 2497 470 418 391 52 368 344 319 258 42 61 216 2423 538 463 437 181 54 1885 260 240 152 88 132 90 70
is_linear=0
shrinkage=0.1


Tree=56
num_leaves=31
num_cat=0
split_feature=2 2 2 0 0 0 1 0 0 0 0 0 0 0 0 0 0 0 0 0 0 1 0 0 3 0 0 0 0 0
split_gain=0.00299695 0.00394655 0.0114413 0.00347995 0.00247948 0.00761056 0.00234778 0.00233025 0.00877286 0.00297028 0.00352461 0.00294257 0.00252209 0.00193587 0.00206714 0.00341992 0.00271476 0.00362662 0.00634606 0.00503731 0.0022155 0.00179437 0.00205701 0.0082188 0.00418761 0.00389153 0.00420601 0.0141301 0.00347313 0.00820861
threshold=1.0000000180025095e-35 3.5000000000000004 4.5000000000000009 0.51830527186393749 0.96227243542671215 0.9470483958721162 3.5000000000000004 0.97017219662666332 0.96227243542671215 0.94513046741485607 0.95304951071739208 0.97893097996711742 0.9879293441772462 0.92385751008987438 0.90345004200935375 0.86171594262123119 0.83400127291679393 0.80579611659049999 0.78522416949272167 0.76639375090599071 0.8805164396762849 1.0000000180025095e-35 0.68738672137260448 0.66400557756423961 1.0000000180025095e-35 0.70482498407363903 0.72722959518432628 0.73897680640220653 0.62920898199081432 0.61726689338684093
decision_type=2 2 2 2 2 2 2 2 2 2 2 2 2 2 2 2 2 2 2 2 2 2 2 2 2 2 2 2 2 2
left_child=4 21 3 -3 5 6 13 8 9 -4 -11 -9 -13 14 15 16 17 18 19 -1 -17 -2 23 28 -25 -24 -27 -28 29 -23
right_child=1 2 7 -5 -6 -7 -8 11 -10 10 -12 12 -14 -15 -16 20 -18 -19 -20 -21 -22 22 25 24 -26 26 27 -29 -30 -31
leaf_value=0.00023465321083106276 -0.00029826401505126049 0.0016188757240094922 -7.3338966949959171e-05 0.00034237070679397495 -0.00042394886646218504 0.0021256412955976667 0.00094944500440186325 -0.0015800006293474049 0.0020081574664072835 -0.0016280181705951692 0.00012347040930762887 0.00043925330308931213 -0.00088038544791440177 -0.00057215961601792106 0.0010065057003822435 -0.0012373829105248055 0.0010221613944304409 -0.00096101752068433505 0.0018865007706071167 -0.0013293562573380769 -3.1749105879238676e-05 -7.8687616382812155e-05 -0.00098547369792041455 0.00029762860125629234 0.0017538729175635712 0.00059327039450995239 -0.0022791260812101105 -0.00010543448346847869 -0.00055753996028091253 0.0014214552426710725
leaf_weight=322 477 22 1286 730 59 21 38 23 20 27 20 28 30 36 29 27 40 27 22 22 35 414 55 40 39 76 31 847 117 40
leaf_count=322 477 22 1286 730 59 21 38 23 20 27 20 28 30 36 29 27 40 27 22 22 35 414 55 40 39 76 31 847 117 40
internal_value=-3.44426e-13 -3.06639e-05 6.37949e-05 0.000379715 0.000195471 0.000254511 0.000188802 -0.000101876 -7.06858e-05 -0.000101876 -0.000882704 -0.00062287 -0.000243318 0.000137187 0.000185921 0.000137846 0.000237308 0.000157425 0.000239933 0.000134629 -0.000556783 -0.000127334 -7.81874e-05 6.0547e-05 0.00101653 -0.00016756 -0.000120406 -0.000182182 -7.17174e-05 5.34836e-05
internal_weight=5000 4322 2186 752 678 619 598 1434 1353 1333 47 81 58 560 524 495 433 393 366 344 62 2136 1659 650 79 1009 954 878 571 454
internal_count=5000 4322 2186 752 678 619 598 1434 1353 1333 47 81 58 560 524 495 433 393 366 344 62 2136 1659 650 79 1009 954 878 571 454
is_linear=0
shrinkage=0.1


Tree=57
num_leaves=31
num_cat=0
split_feature=0 0 0 3 1 0 2 2 0 0 0 0 0 0 0 0 0 0 0 0 0 0 0 0 0 1 0 0 0 0
split_gain=0.00275384 0.0044045 0.00278519 0.00243458 0.00204576 0.00261741 0.00150426 0.00422533 0.00458578 0.00534496 0.00392253 0.00471309 0.0044771 0.00341429 0.00299965 0.0125341 0.00546439 0.00413337 0.00265026 0.00291689 0.00406058 0.0032663 0.00606977 0.00518452 0.00272346 0.00287391 0.00245606 0.00217018 0.00143644 0.0037279
threshold=0.50263577699661266 0.50811097025871288 0.50606879591941845 1.0000000180025095e-35 4.5000000000000009 0.78522416949272167 3.5000000000000004 4.5000000000000009 0.93590679764747631 0.90890491008758556 0.87906971573829662 0.60290887951850902 0.55542752146720897 0.52383488416671764 0.75357362627983104 0.78054019808769237 0.70482498407363903 0.6390553116798402 0.97017219662666332 0.56696090102195751 0.55127096176147472 0.65585827827453624 0.67062306404113781 0.64097231626510631 0.69611546397209179 1.0000000180025095e-35 0.99023422598838817 0.5197696089744569 0.54690846800804149 0.53315225243568432
decision_type=2 2 2 2 2 2 2 2 2 2 2 2 2 2 2 2 2 2 2 2 2 2 2 2 2 2 2 2 2 2
left_child=-1 2 -2 4 6 -6 26 8 9 10 11 12 -8 -9 16 -16 17 -13 19 20 -15 23 -23 -21 -24 -26 27 -3 29 -29
right_child=1 3 -4 -5 5 -7 7 13 -10 -11 -12 14 -14 18 15 -17 -18 -19 -20 21 -22 22 24 -25 25 -27 -28 28 -30 -31
leaf_value=-0.0011710725072771311 0.00037454577919561417 -0.00096398336691376962 0.0018198466266039761 -7.709281473585887e-05 2.9439561661671511e-06 0.0015835892106406393 0.00017018287059424137 0.0010221528388830203 0.0012816951390749846 -0.0012726507404641737 0.0015046935952601158 -0.00080575911886990076 0.0017472932392492012 -8.0820296842949068e-05 0.0025117577377055901 -0.00016628509541453029 -0.0013613918589221107 0.00085871469267216085 -0.00096990771669273586 0.00023241638579708269 -0.0017081513115123886 -0.0017559659874132197 0.00094491720898076898 0.0020088728246628307 -0.00053515054801802915 9.751698846052279e-05 -0.0010661708042872225 -0.00027260696472849972 -1.1541869563132888e-05 0.0010527213199979584
leaf_weight=20 40 23 20 2423 22 20 36 31 52 21 28 25 36 46 22 85 36 37 30 92 23 20 30 20 92 327 22 41 1236 44
leaf_count=20 40 23 20 2423 22 20 36 31 52 21 28 25 36 46 22 85 36 37 30 92 23 20 30 20 92 327 22 41 1236 44
internal_value=-5.05752e-13 4.7031e-06 0.000856313 -5.68238e-06 6.36118e-05 0.000755632 5.17727e-05 0.000139442 0.000409592 0.000270484 0.000376732 0.000262715 0.000958738 -4.1822e-06 1.82575e-05 0.000384341 -0.000381445 0.000187556 -5.0971e-05 -8.55854e-06 -0.000623264 6.44443e-05 -5.14235e-05 0.000549641 2.45027e-05 -4.13981e-05 -1.81188e-05 -9.63181e-07 1.5804e-05 0.000413445
internal_weight=5000 4980 60 4920 2497 42 2455 1089 378 326 305 277 72 711 205 107 98 62 680 650 69 581 469 112 449 419 1366 1344 1321 85
internal_count=5000 4980 60 4920 2497 42 2455 1089 378 326 305 277 72 711 205 107 98 62 680 650 69 581 469 112 449 419 1366 1344 1321 85
is_linear=0
shrinkage=0.1


Tree=58
num_leaves=31
num_cat=0
split_feature=2 2 2 0 0 0 0 0 1 0 0 0 0 0 0 0 0 0 0 0 0 0 0 0 0 0 0 0 0 0
split_gain=0.00253874 0.00291611 0.00838016 0.00290867 0.00216934 0.00752876 0.00196951 0.0061659 0.00186518 0.00190634 0.00169802 0.00287616 0.00206465 0.00239493 0.00284448 0.00163891 0.00351297 0.00588496 0.00292879 0.00488417 0.00410381 0.00328996 0.00544537 0.00594829 0.00934227 0.00783119 0.00290918 0.00227783 0.00225735 0.00308878
threshold=1.0000000180025095e-35 3.5000000000000004 4.5000000000000009 0.52783659100532543 0.55542752146720897 0.56929969787597667 0.96227243542671215 0.9470483958721162 3.5000000000000004 0.52917867898941051 0.87705254554748546 0.88665375113487255 0.83741989731788646 0.84834700822830211 0.86694139242172252 0.63062384724617015 0.67062306404113781 0.68988433480262767 0.70260703563690197 0.72286108136177074 0.74163156747818004 0.75357362627983104 0.78288164734840404 0.8038204312324525 0.81839299201965343 0.83201095461845409 0.60290887951850902 0.85106337070465099 0.93590679764747631 0.97202536463737499
decision_type=2 2 2 2 2 2 2 2 2 2 2 2 2 2 2 2 2 2 2 2 2 2 2 2 2 2 2 2 2 2
left_child=6 -2 3 -3 -5 -6 7 8 9 -1 12 -12 -4 -14 -15 26 -17 -18 -19 -20 -21 -22 -23 -24 -25 -26 -7 -27 -29 -30
right_child=1 2 10 4 5 15 -8 -9 -10 -11 11 -13 13 14 -16 16 17 18 19 20 21 22 23 24 25 27 -28 28 29 -31
leaf_value=0.00082105451162803832 -0.00011131936544746437 0.0011758512057560054 -7.3133689610468508e-05 -0.00037866488639067149 0.0022351385612273587 0.00039524134279380805 -0.00037214855073509201 0.0019167285501247363 0.00085135605308766431 7.8303853996333108e-05 -0.0012750400476054186 -0.00019892576083938983 0.0010406262271096017 -0.00055111833734790218 0.00074747869174086282 0.0011205377226111059 -0.0011592986261738198 0.001516875607194379 -0.0011395414101729251 0.0014842560204366842 -0.00094667269815025589 0.0013594296244580461 -0.00097895459738011649 0.002241439187613044 -0.0015415770036270261 0.0013729881425388159 -0.00073894287370854901 -5.4187981460465872e-06 0.0011981096326053376 6.945647075962351e-05
leaf_weight=37 2136 38 992 47 20 49 59 21 38 523 27 310 37 37 31 51 28 20 23 30 21 46 38 24 24 20 42 134 48 49
leaf_count=37 2136 38 992 47 20 49 59 21 38 523 27 310 37 37 31 51 28 20 23 30 21 46 38 24 24 20 42 134 48 49
internal_value=-1.16979e-13 -2.82226e-05 5.29735e-05 0.000323349 0.000277977 0.000324248 0.000179909 0.000232528 0.000173384 0.000127378 -8.88131e-05 -0.000285143 -2.85004e-05 0.000393177 4.08891e-05 0.000265178 0.000329567 0.000249687 0.000332394 0.000280557 0.000355816 0.000272021 0.000338842 0.000199533 0.000349308 0.000184176 -0.000128228 0.000349188 0.000260548 0.000627965
internal_weight=5000 4322 2186 752 714 667 678 619 598 560 1434 337 1097 105 68 647 556 505 477 457 434 404 383 337 299 275 91 251 231 97
internal_count=5000 4322 2186 752 714 667 678 619 598 560 1434 337 1097 105 68 647 556 505 477 457 434 404 383 337 299 275 91 251 231 97
is_linear=0
shrinkage=0.1


Tree=59
num_leaves=31
num_cat=0
split_feature=0 0 1 0 1 0 0 3 0 0 0 0 0 0 1 0 0 0 0 0 0 0 0 0 0 0 0 0 0 0
split_gain=0.00224838 0.00339672 0.00292556 0.00202835 0.00208371 0.00224866 0.00503775 0.00558036 0.00277971 0.00290968 0.00479178 0.00556624 0.00290902 0.00836212 0.00280512 0.00221384 0.00268469 0.00307429 0.0054971 0.00738638 0.00381487 0.0024163 0.00225456 0.00202921 0.00184681 0.00133299 0.00766498 0.00304658 0.00118184 0.00324047
threshold=0.50263577699661266 0.50811097025871288 1.5000000000000002 0.99602460861206066 1.5000000000000002 0.51583248376846325 0.52783659100532543 1.0000000180025095e-35 0.53422278165817272 0.54690846800804149 0.56518462300300609 0.57060566544532787 0.57557615637779247 0.57960009574890148 2.5000000000000004 0.99204844236373912 0.97893097996711742 0.9663703739643098 0.95017054677009594 0.95459434390068065 0.97202536463737499 0.96227243542671215 0.9470483958721162 0.55938175320625316 0.98273369669914257 0.97540909051895153 0.97017219662666332 0.98135417699813854 0.58856511116027843 0.59918230772018444
decision_type=2 2 2 2 2 2 2 2 2 2 2 2 2 2 2 2 2 2 2 2 2 2 2 2 2 2 2 2 2 2
left_child=-1 2 -2 4 15 -6 7 -7 -8 14 23 -12 -13 -14 -10 16 17 18 22 -20 -19 -21 -3 -11 -18 26 28 -27 -15 -30
right_child=1 3 -4 -5 5 6 8 -9 9 10 11 12 13 25 -16 -17 24 20 19 21 -22 -23 -24 -25 -26 27 -28 -29 29 -31
leaf_value=-0.0010581554158125073 0.00022080304234374412 -5.2450386828596262e-05 0.0016698310088196942 -0.00073264307069812764 -0.00074447786901146176 0.0022223319291420607 -0.00087491688112007284 -3.2342439849994016e-05 0.00016827711294735632 -0.00034370426344932948 0.0016030056372983382 -0.0010999664260972558 0.001978560963281147 -0.00041883667213462146 0.0016083029137613876 0.00091994433143712667 -0.0014490305344224909 0.0013649979665334448 -0.0024087132298913991 0.0004234524990002124 -2.5574828899326794e-05 -0.0010005074870687994 0.0009020037059672177 -0.0014447105775336521 -0.00034666130684358489 0.001491828098715771 -0.0017723425319317082 0.00010374187818342762 0.00086431532057330894 5.4844555469578481e-05
leaf_weight=20 38 2462 22 38 33 23 31 21 31 47 24 21 23 49 24 23 21 34 23 26 47 22 25 26 55 21 23 64 51 1632
leaf_count=20 38 2462 22 38 33 23 31 21 31 47 24 21 23 49 24 23 21 34 23 26 47 22 25 26 55 21 23 64 51 1632
internal_value=-4.3726e-12 4.24962e-06 0.000752113 -4.87067e-06 7.94085e-07 7.46225e-05 8.7427e-05 0.00114624 6.48882e-05 7.91977e-05 5.92784e-05 8.96998e-05 7.0422e-05 8.36148e-05 0.000796652 -5.70175e-05 -6.52938e-05 -4.84186e-05 -6.76249e-05 -0.000935237 0.000558122 -0.000229196 -4.2856e-05 -0.000735843 -0.000651263 5.99279e-05 4.11963e-05 0.000446681 6.52791e-05 7.9374e-05
internal_weight=5000 4980 60 4920 4882 2144 2111 44 2067 2036 1981 1908 1884 1863 55 2738 2715 2639 2558 71 81 48 2487 73 76 1840 1755 85 1732 1683
internal_count=5000 4980 60 4920 4882 2144 2111 44 2067 2036 1981 1908 1884 1863 55 2738 2715 2639 2558 71 81 48 2487 73 76 1840 1755 85 1732 1683
is_linear=0
shrinkage=0.1


Tree=60
num_leaves=31
num_cat=0
split_feature=2 2 2 0 1 0 0 0 0 0 0 1 0 0 0 0 0 1 0 1 0 0 0 0 0 0 0 0 0 0
split_gain=0.00205834 0.00242446 0.0066836 0.00226357 0.00151352 0.0014676 0.005176 0.00158814 0.0055388 0.00423749 0.0050201 0.00417224 0.0031758 0.00331743 0.00208671 0.00182503 0.00753058 0.00355801 0.00181793 0.00219982 0.00488837 0.00161848 0.00159775 0.00269495 0.00256669 0.00156633 0.00143139 0.00504672 0.00224361 0.00264068
threshold=1.0000000180025095e-35 3.5000000000000004 4.5000000000000009 0.51830527186393749 4.5000000000000009 0.96227243542671215 0.9470483958721162 0.7637692689895631 0.78522416949272167 0.80579611659049999 0.82493799924850475 3.5000000000000004 0.86171594262123119 0.8805164396762849 0.91376066207885753 0.67384517192840587 0.64741504192352306 1.0000000180025095e-35 0.69890749454498302 1.5000000000000002 0.73693275451660167 0.93270072340965282 0.62483423948287975 0.56929969787597667 0.5924232304096223 0.53558674454689037 0.51005226373672496 0.5197696089744569 0.53422278165817272 0.544326812028885
decision_type=2 2 2 2 2 2 2 2 2 2 2 2 2 2 2 2 2 2 2 2 2 2 2 2 2 2 2 2 2 2
left_child=5 -2 3 -3 26 6 7 11 -9 -10 -11 15 -12 -14 -15 16 22 -17 -19 -20 -21 -16 23 25 -25 -1 -4 -28 -29 -30
right_child=1 2 4 -5 -6 -7 -8 8 9 10 12 -13 13 14 21 17 -18 18 19 20 -22 -23 -24 24 -26 -27 27 28 29 -31
leaf_value=4.5560035378793662e-05 -0.00010118103790678225 0.0012894807669164782 -0.00078583192802837189 0.00025996468178923911 0.00076471414816166674 -0.00031455533712918839 0.001750512265910705 -0.0014830851160998768 0.0014011055031163701 -0.0015353615861386062 0.00079475115613044745 0.0015362807288765909 -0.0011165336740237696 0.00057635874903868309 -0.00090009757876396187 0.0016873803099900085 -0.0015097387124634615 0.00093403093051165349 0.00064719237130263761 0.00062804966117255398 -0.0015564358759937542 0.00020688797173664043 0.00093453499119214984 -0.0012999716192661297 0.00010613796972286176 0.00087536759105407531 0.0010762216774998484 -0.00085501815132701248 0.00067623631277290933 -0.00011182866319880828
leaf_weight=46 2136 22 29 730 21 59 21 24 23 20 52 25 27 52 25 21 28 28 29 20 21 28 29 21 34 45 37 39 44 1264
leaf_count=46 2136 22 29 730 21 59 21 24 23 20 52 25 27 52 25 21 28 28 29 20 21 28 29 21 34 45 37 39 44 1264
internal_value=3.03719e-12 -2.54124e-05 4.86231e-05 0.000290084 -7.80005e-05 0.000161995 0.000207417 0.000153228 -3.83829e-05 0.000114361 -3.07132e-05 0.000291829 0.000132835 -0.000127919 0.000126296 0.00019521 1.29331e-05 0.000506154 0.000253034 -1.93654e-05 -0.000490833 -0.000315275 0.000256561 0.000121894 -0.00043074 0.000455904 -9.05249e-05 -7.59556e-05 -0.000107604 -8.53188e-05
internal_weight=5000 4322 2186 752 1434 678 619 598 251 227 204 347 184 132 105 322 203 119 98 70 41 53 175 146 55 91 1413 1384 1347 1308
internal_count=5000 4322 2186 752 1434 678 619 598 251 227 204 347 184 132 105 322 203 119 98 70 41 53 175 146 55 91 1413 1384 1347 1308
is_linear=0
shrinkage=0.1


Tree=61
num_leaves=31
num_cat=0
split_feature=3 1 2 0 0 0 0 2 1 0 0 2 2 1 0 2 0 0 0 0 2 0 0 0 0 0 0 0 2 2
split_gain=0.00192623 0.00172216 0.00303497 0.00112629 0.00512223 0.00247701 0.00247831 0.00208685 0.00146638 0.00217467 0.00806536 0.0028578 0.00302963 0.00300495 0.00419819 0.00393929 0.00249977 0.00260341 0.00233697 0.00198434 0.00170345 0.0014156 0.00260337 0.0045049 0.00829272 0.00205301 0.00586051 0.00409174 0.00533016 0.00551296
threshold=1.0000000180025095e-35 4.5000000000000009 3.5000000000000004 0.90119946002960216 0.89312097430229198 0.87906971573829662 0.87534609436988842 2.5000000000000004 3.5000000000000004 0.98563650250434887 0.98273369669914257 2.5000000000000004 1.0000000180025095e-35 1.5000000000000002 0.91075631976127636 4.5000000000000009 0.92201247811317455 0.95304951071739208 0.93270072340965282 0.93421936035156261 2.5000000000000004 0.85702133178710949 0.85106337070465099 0.84398281574249279 0.8388219177722932 0.81839299201965343 0.7984236776828767 0.75000432133674633 2.5000000000000004 1.5000000000000002
decision_type=2 2 2 2 2 2 2 2 2 2 2 2 2 2 2 2 2 2 2 2 2 2 2 2 2 2 2 2 2 2
left_child=1 -1 -3 4 5 6 21 -7 9 10 11 12 -5 14 -13 -15 -14 19 -16 -18 -11 22 23 24 25 26 27 -2 29 -29
right_child=3 2 -4 8 -6 7 -8 -9 -10 20 -12 13 16 15 18 -17 17 -19 -20 -21 -22 -23 -24 -25 -26 -27 -28 28 -30 -31
leaf_value=5.0257219001594017e-05 4.6930834505831152e-06 0.0015894653135910632 -9.4886432887743364e-05 8.0916188183988706e-05 0.0011523167085316446 -0.0014019738970091568 0.00095817306498065594 -0.00021681246968607108 -0.0010381946328561753 -3.0937661601152896e-05 0.0017415490570862819 -0.0015350809609073969 -0.0015586277304757987 0.0012802078327360123 0.00079541891214570835 -0.00010973821970930492 -0.00071846716105937968 -0.0011209327567091867 -0.00028124794884610719 0.0006302270252490417 -0.0010917153383360994 -0.00045835612197347644 0.00089791784451032682 -0.001236332324333489 0.0018257847987115383 -0.00043619778211577794 0.00069217980100234986 -0.00042397341882341222 -6.1982344366539195e-05 -0.0020101119201475135
leaf_weight=2498 1223 20 23 61 36 24 25 39 20 24 23 21 31 38 28 44 20 37 72 24 41 79 30 31 24 125 109 56 138 36
leaf_count=2498 1223 20 23 61 36 24 25 39 20 24 23 21 31 38 28 44 20 37 72 24 41 79 30 31 24 125 109 56 138 36
internal_value=-3.17368e-12 6.10584e-05 0.000688533 -6.30945e-05 -2.95914e-05 -5.1535e-05 -3.08227e-05 -0.000668303 -0.000199807 -0.000163669 -7.62901e-05 -0.000187488 -0.000486127 6.70177e-05 -0.000249709 0.000534383 -0.000794963 -0.000502696 2.02188e-05 1.71842e-05 -0.000700044 -4.41803e-05 -2.57153e-05 -4.16217e-05 -1.99759e-05 -4.62345e-05 -1.50274e-05 -6.80802e-05 -0.000455044 -0.00104464
internal_weight=5000 2541 43 2459 1975 1939 1876 63 484 464 399 376 173 203 121 82 112 81 100 44 65 1851 1772 1742 1711 1687 1562 1453 230 92
internal_count=5000 2541 43 2459 1975 1939 1876 63 484 464 399 376 173 203 121 82 112 81 100 44 65 1851 1772 1742 1711 1687 1562 1453 230 92
is_linear=0
shrinkage=0.1


Tree=62
num_leaves=31
num_cat=0
split_feature=0 0 0 1 0 0 0 0 0 0 0 2 0 0 0 0 0 0 0 0 2 0 0 2 0 0 0 2 0 0
split_gain=0.00171147 0.00273554 0.0024892 0.00167439 0.00191741 0.00268866 0.0018874 0.002232 0.00538389 0.00548441 0.00181801 0.00180965 0.00266872 0.00162847 0.00183869 0.0052007 0.00129945 0.00123052 0.0022919 0.00155509 0.00121026 0.00118415 0.00193307 0.0067257 0.00141451 0.00186253 0.00541775 0.00150223 0.00740417 0.00493545
threshold=0.50263577699661266 0.50811097025871288 0.50606879591941845 1.0000000180025095e-35 0.53315225243568432 0.54690846800804149 0.55763518810272228 0.59731158614158641 0.6051064431667329 0.61553892493247997 0.99602460861206066 2.5000000000000004 0.57960009574890148 0.99204844236373912 0.98563650250434887 0.98273369669914257 0.52156502008438121 0.93083894252777111 0.91075631976127636 0.94108602404594432 2.5000000000000004 0.62920898199081432 0.65146166086196911 2.5000000000000004 0.66691958904266369 0.67757901549339306 0.68988433480262767 1.5000000000000002 0.79092702269554149 0.78054019808769237
decision_type=2 2 2 2 2 2 2 2 2 2 2 2 2 2 2 2 2 2 2 2 2 2 2 2 2 2 2 2 2 2
left_child=-1 2 -2 4 16 -6 -7 11 -9 -10 13 -8 -13 14 15 -5 -3 18 21 -19 -20 -11 23 -23 -24 -26 -27 28 -28 -29
right_child=1 3 -4 10 5 6 7 8 9 17 -12 12 -14 -15 -16 -17 -18 19 20 -21 -22 22 24 -25 25 26 27 29 -30 -31
leaf_value=-0.00092320763156749318 0.00021940072532743217 -0.00022487547813039837 0.0015857453835997149 2.4281782792219622e-05 0.00083574364262242479 -0.00095075589712136077 -0.00013468325157779928 -0.0016778157767310569 0.0013658911213278772 -0.00071085334868367872 -0.00074881958023373352 0.00012933531915768981 0.0016584863520360421 0.00077920395094130575 -0.00061569004008726392 0.0013922883921103288 -0.0011424055090174079 -0.0012182503930671376 7.1966736577451222e-05 -0.00027057151355550085 0.0011467926331203092 -0.00082482555669478397 -0.00090040558037192886 0.0014938692120455832 0.00064993718978560841 -0.0017336702240364895 -0.0013293671200517564 0.00044365965248672232 0.00026872645594530566 -0.00029731232281350953
leaf_weight=20 40 33 20 3702 31 26 34 22 25 33 30 25 21 29 44 28 29 20 20 129 22 22 24 29 30 21 50 152 69 220
leaf_count=20 40 33 20 3702 31 26 34 22 25 33 30 25 21 29 44 28 29 20 20 129 22 22 24 29 30 21 50 152 69 220
internal_value=-2.64445e-12 3.70766e-06 0.000674849 -4.47699e-06 -0.000114024 -8.13594e-05 -0.000109961 -8.73778e-05 -0.000132955 -9.37092e-05 2.65894e-05 0.00041853 0.000827426 3.27062e-05 2.697e-05 3.4551e-05 -0.000654043 -0.000137098 -8.09692e-05 -0.000397777 0.000634971 -0.00012723 -9.60151e-05 0.000493648 -0.000149147 -0.000115881 -0.000160753 -9.348e-05 -0.000402741 5.45042e-06
internal_weight=5000 4980 60 4920 1087 1025 994 968 888 866 3833 80 46 3803 3774 3730 62 841 692 149 42 650 617 51 566 542 512 491 119 372
internal_count=5000 4980 60 4920 1087 1025 994 968 888 866 3833 80 46 3803 3774 3730 62 841 692 149 42 650 617 51 566 542 512 491 119 372
is_linear=0
shrinkage=0.1


Tree=63
num_leaves=31
num_cat=0
split_feature=2 2 2 0 0 0 0 0 0 0 0 0 0 0 0 0 0 0 0 3 0 0 0 3 1 3 1 3 0 0
split_gain=0.00176507 0.00170568 0.00540507 0.00182656 0.00176753 0.00645606 0.00139989 0.00266202 0.00471132 0.0024368 0.00258492 0.00309674 0.00272827 0.0043189 0.00480909 0.00727866 0.00620006 0.00229713 0.00225155 0.00197119 0.00196636 0.00189573 0.00221097 0.00421599 0.00216093 0.0028098 0.00164739 0.00310353 0.00135598 0.00135247
threshold=1.0000000180025095e-35 3.5000000000000004 4.5000000000000009 0.52783659100532543 0.55542752146720897 0.56929969787597667 0.63062384724617015 0.67062306404113781 0.68988433480262767 0.70482498407363903 0.72951611876487743 0.74163156747818004 0.75357362627983104 0.78288164734840404 0.8038204312324525 0.81839299201965343 0.83201095461845409 0.61726689338684093 0.64900735020637523 1.0000000180025095e-35 0.85106337070465099 0.93590679764747631 0.97202536463737499 1.0000000180025095e-35 1.5000000000000002 1.0000000180025095e-35 1.0000000180025095e-35 1.0000000180025095e-35 0.54247352480888378 0.52917867898941051
decision_type=2 2 2 2 2 2 2 2 2 2 2 2 2 2 2 2 2 2 2 2 2 2 2 2 2 2 2 2 2 2
left_child=29 -2 3 -3 28 -6 17 18 -9 -10 -11 -12 -13 19 -15 -16 -17 -7 -8 -14 -18 24 -23 -24 26 -26 -22 -28 -5 -1
right_child=1 2 -4 4 5 6 7 8 9 10 11 12 13 14 15 16 20 -19 -20 -21 21 22 23 -25 25 -27 27 -29 -30 -31
leaf_value=0.00071407630370231342 -8.7084649234331628e-05 0.00093126969035151183 -7.5304167485621613e-05 8.9320364511675311e-05 0.0020310479943873362 0.00015245101474812889 0.00027726825396530333 -0.0010638919784729038 0.0012527541616388286 -0.00071188835125732502 0.0014640492786254203 -0.00089125403745080295 0.0017624397780029819 -0.0009043192334693709 0.0019601277618979413 -0.001391306773651498 0.001242293384857476 -0.00097311670519411577 0.0016064031282439829 0.00044193149689817799 0.00029179776665168229 0.0010277840978233145 0.00098172184056602419 -0.00087382578640244908 0.0011770742755659201 -0.00031001023598946635 -0.0012806602076373319 0.00023255687834613996 -0.0009970506269019097 0.00011464639920635031
leaf_weight=40 2136 38 1434 27 20 66 25 28 24 28 21 21 26 38 24 24 20 25 26 20 27 48 25 24 27 24 33 23 20 638
leaf_count=40 2136 38 1434 27 20 66 25 28 24 28 21 21 26 38 24 24 20 25 26 20 27 48 25 24 27 24 33 23 20 638
internal_value=-1.91248e-12 -2.35325e-05 3.8566e-05 0.000255707 0.000219752 0.000261518 0.000206819 0.000266327 0.000196791 0.000270794 0.000218769 0.000280083 0.00021854 0.000279391 0.000155325 0.000289996 0.000144239 -0.000156771 0.000954866 0.00118831 0.000291064 0.000208706 0.000545411 7.28822e-05 -3.50275e-05 0.00047727 -0.000349813 -0.00065916 -0.000372965 0.000150011
internal_weight=5000 4322 2186 752 714 667 647 556 505 477 453 425 404 383 337 299 275 91 51 46 251 231 97 49 134 51 83 56 47 678
internal_count=5000 4322 2186 752 714 667 647 556 505 477 453 425 404 383 337 299 275 91 51 46 251 231 97 49 134 51 83 56 47 678
is_linear=0
shrinkage=0.1


Tree=64
num_leaves=31
num_cat=0
split_feature=3 1 2 0 0 2 0 0 0 0 2 0 0 0 0 0 0 0 2 2 1 0 0 0 0 2 2 0 0 0
split_gain=0.00154387 0.00133081 0.00252977 0.00100015 0.00275002 0.00146045 0.00129072 0.00288847 0.00194787 0.00207942 0.00175045 0.00150364 0.0021238 0.00373646 0.00672498 0.00150703 0.00476609 0.00308426 0.00376108 0.00192596 0.00251537 0.00147314 0.00137825 0.00396258 0.00373813 0.00441489 0.00327975 0.00519225 0.00272194 0.00328317
threshold=1.0000000180025095e-35 4.5000000000000009 3.5000000000000004 0.91376066207885753 0.92877322435379039 1.5000000000000002 0.89312097430229198 0.90119946002960216 0.87906971573829662 0.87363067269325267 2.5000000000000004 0.85702133178710949 0.85106337070465099 0.84398281574249279 0.8388219177722932 0.81839299201965343 0.81167602539062511 0.82930046319961559 3.5000000000000004 3.5000000000000004 1.5000000000000002 0.86694139242172252 0.75000432133674633 0.72951611876487743 0.76639375090599071 2.5000000000000004 1.5000000000000002 0.74163156747818004 0.7984236776828767 0.7765195667743684
decision_type=2 2 2 2 2 2 2 2 2 2 2 2 2 2 2 2 2 2 2 2 2 2 2 2 2 2 2 2 2 2
left_child=1 -1 -3 6 5 -5 8 -8 9 11 -10 12 13 14 15 16 22 18 -17 20 -19 -13 23 -2 -24 28 -25 -28 29 -26
right_child=3 2 -4 4 -6 -7 7 -9 10 -11 -12 21 -14 -15 -16 17 -18 19 -20 -21 -22 -23 24 26 25 -27 27 -29 -30 -31
leaf_value=4.5168566411742858e-05 -4.5430895776720009e-05 0.0014287916605826467 -0.00010899517725667229 -0.0013836612342856824 -8.9823621928473887e-05 -0.00040009883879166508 0.0010399608937506047 -5.4585633557034689e-05 -0.0012656172474175757 0.00077083743434513963 -0.00018017347458039579 -0.00089479573071002969 0.0008101964959253867 -0.0011264591639290654 0.0016434664042511333 -8.2712138638548236e-05 0.0010226087606793573 0.0003994549638541092 -0.0018546273079700769 0.00067734464017641066 -0.0010361933180739961 1.5500401786994189e-05 -0.00084863540041260415 0.0016338113974779845 2.0803362131118776e-06 0.00035650692223007646 0.0010005038570585279 -0.0010300766630098224 0.00026118477278565667 -0.0014518937913746369
leaf_weight=2498 1144 20 23 26 349 36 36 73 24 32 39 40 30 31 24 23 43 23 25 28 26 32 75 25 25 126 34 20 29 41
leaf_count=2498 1144 20 23 26 349 36 36 73 24 32 39 40 30 31 24 23 43 23 25 28 26 32 75 25 25 126 34 20 29 41
internal_value=1.08555e-12 5.46635e-05 0.000606255 -5.64864e-05 -0.00019885 -0.00081256 -2.79164e-05 0.000306916 -4.67389e-05 -2.83716e-05 -0.000593676 -4.22407e-05 -2.40384e-05 -3.84053e-05 -1.86918e-05 -4.23384e-05 -1.56011e-05 -0.000376448 -0.00100558 1.57414e-05 -0.000362318 -0.00049022 -4.49909e-05 1.87076e-06 -0.000238612 -3.15901e-05 0.000686847 0.000248437 -0.000546329 -0.000901146
internal_weight=5000 2541 43 2459 411 62 2048 109 1939 1876 63 1844 1772 1742 1711 1687 1562 125 48 77 49 72 1519 1223 296 221 79 54 95 66
internal_count=5000 2541 43 2459 411 62 2048 109 1939 1876 63 1844 1772 1742 1711 1687 1562 125 48 77 49 72 1519 1223 296 221 79 54 95 66
is_linear=0
shrinkage=0.1


Tree=65
num_leaves=31
num_cat=0
split_feature=2 0 0 0 1 2 0 0 3 2 0 0 0 0 0 0 2 0 2 0 1 0 0 0 0 3 0 1 0 0
split_gain=0.00150173 0.00145046 0.00470878 0.00404627 0.00225176 0.00145486 0.00830367 0.0041367 0.00431627 0.00384521 0.00368481 0.0145955 0.00433745 0.00214624 0.0088273 0.00485041 0.00313588 0.00378252 0.00309163 0.00464207 0.00288257 0.00286863 0.00292152 0.00282862 0.00369699 0.00252838 0.00213676 0.00199589 0.00193283 0.00220029
threshold=1.0000000180025095e-35 0.68406257033348095 0.68988433480262767 0.67384517192840587 1.5000000000000002 3.5000000000000004 0.69611546397209179 0.70482498407363903 1.0000000180025095e-35 4.5000000000000009 0.72722959518432628 0.73693275451660167 0.71617025136947643 0.7765195667743684 0.78522416949272167 0.7478417456150056 5.5000000000000009 0.70983868837356578 5.5000000000000009 0.92590162158012401 1.5000000000000002 0.75748476386070263 0.77069550752639782 0.92877322435379039 0.8911033868789674 1.0000000180025095e-35 0.95459434390068065 2.5000000000000004 0.71266618371009838 0.78288164734840404
decision_type=2 2 2 2 2 2 2 2 2 2 2 2 2 2 2 2 2 2 2 2 2 2 2 2 2 2 2 2 2 2
left_child=-1 3 -3 -2 -5 7 -7 8 -4 28 12 -12 -9 15 -15 16 17 -11 23 -20 -19 -17 -23 24 27 -26 -21 -16 -8 -30
right_child=1 2 5 4 -6 6 9 10 -10 13 11 -13 -14 14 18 21 -18 20 19 26 -22 22 -24 -25 25 -27 -28 -29 29 -31
leaf_value=0.00013836891476922067 1.6384194110623457e-05 -0.0010183307431254755 -6.3220091573329589e-05 0.0003814215824062111 0.0015044128648766604 0.0017279073735283288 -0.00061968741736983743 -0.00011189125487398283 -0.001657327873565789 -0.00057281121928826908 -0.0023873525289153413 -7.5167401619324244e-05 0.0012431964701549575 0.0019278889072169973 -0.00045371575627453447 -0.0020196310798859317 -0.00047836728148727814 0.0016534435992630629 0.00040330303256573666 -0.00087860835289272168 7.8220144357709658e-05 -0.00014018044599558777 -0.0015612132088078754 0.0001642291559255682 -0.0017474166756229741 -0.00043069988861680031 -1.3908750126854732e-05 0.00044338851115636286 0.00066247048660477402 0.00014196577795763232
leaf_weight=678 1537 51 33 57 26 28 26 51 35 25 28 1093 44 22 124 21 84 26 197 51 21 39 23 80 35 25 65 31 107 337
leaf_count=678 1537 51 33 57 26 28 26 51 35 25 28 1093 44 22 124 21 84 26 197 51 21 39 23 80 35 25 65 31 107 337
internal_value=2.48259e-12 -2.17062e-05 -6.65627e-05 5.311e-05 0.000733202 -4.82526e-05 2.35442e-05 -0.00012469 -0.000883717 -1.2096e-05 -8.22448e-05 -0.00013292 0.000515728 -0.000136722 -3.99259e-05 -0.000391875 -6.32755e-05 0.000420998 -0.00011113 0.000107788 0.00094962 -0.00100948 -0.000667338 -0.000343405 -0.000532292 -0.00119878 -0.000394078 -0.000274295 0.00021833 0.000267403
internal_weight=5000 4322 2702 1620 83 2651 1367 1284 68 1339 1216 1121 95 869 630 239 156 72 608 313 47 83 62 295 215 60 116 155 470 444
internal_count=5000 4322 2702 1620 83 2651 1367 1284 68 1339 1216 1121 95 869 630 239 156 72 608 313 47 83 62 295 215 60 116 155 470 444
is_linear=0
shrinkage=0.1


Tree=66
num_leaves=31
num_cat=0
split_feature=1 0 0 0 0 0 0 0 0 0 2 0 2 0 0 0 0 0 0 2 0 1 0 0 0 2 0 2 0 0
split_gain=0.00141315 0.00119998 0.00409728 0.00507203 0.00357185 0.00360556 0.00249918 0.00156387 0.00107232 0.00293902 0.00274674 0.00162357 0.00645996 0.00220321 0.00184371 0.00279223 0.00130431 0.00198977 0.00179879 0.00542821 0.0011826 0.000934503 0.00225317 0.00238303 0.0018108 0.00112128 0.00477411 0.00207983 0.00290774 0.00925723
threshold=1.5000000000000002 0.95702180266380321 0.94858148694038402 0.94324612617492687 0.97540909051895153 0.98135417699813854 0.97017219662666332 0.96227243542671215 0.50606879591941845 0.51356586813926708 3.5000000000000004 0.52572613954544078 3.5000000000000004 0.52917867898941051 0.53315225243568432 0.53558674454689037 0.5392587184906007 0.544326812028885 0.55542752146720897 3.5000000000000004 0.55938175320625316 4.5000000000000009 0.78904280066490184 0.65322408080101024 0.93745881319046032 1.5000000000000002 0.90731143951416027 2.5000000000000004 0.67384517192840587 0.78904280066490184
decision_type=2 2 2 2 2 2 2 2 2 2 2 2 2 2 2 2 2 2 2 2 2 2 2 2 2 2 2 2 2 2
left_child=8 2 3 21 6 -6 7 -3 -1 10 -10 12 -11 -13 -15 -16 -17 -18 19 -19 -20 24 23 -23 25 26 -2 28 -27 -30
right_child=1 4 -4 -5 5 -7 -8 -9 9 11 -12 13 -14 14 15 16 17 18 20 -21 -22 22 -24 -25 -26 27 -28 -29 29 -31
leaf_value=-0.00066272579299818195 0.00026037119585557554 -0.00095812588849145434 0.0012620885165986317 -0.0014810635242611171 0.0013731389129090878 -0.00010510016264478591 -0.0015705247100888066 0.00012291821622056887 0.0012572065055737216 -0.0013104228445341547 -0.00022795753786340354 0.00087379890028387312 0.00058329643666624068 -0.00090595610253512869 0.0010538700505529288 -0.0008025425202820612 0.00069208574455438391 0.00023320547454724357 0.00064103570650331676 -0.0016539523498741568 -5.0266425825198361e-05 0.00076342271640896799 0.0012514462547741183 -0.00063161746319383388 0.00094977835729166508 0.00015211548894347455 -0.00098242041272125357 7.0432288947481263e-05 -0.0014936540978184591 8.9749380943734047e-05
leaf_weight=28 488 23 29 21 21 77 23 32 33 43 20 26 31 25 23 23 36 35 25 27 2433 24 23 25 23 110 33 1084 60 96
leaf_count=28 488 23 29 21 21 77 23 32 33 43 20 26 31 25 23 23 36 35 25 27 2433 24 23 25 23 110 33 1084 60 96
internal_value=-8.58881e-13 6.01711e-05 8.20324e-05 6.48097e-05 -0.000190241 0.000211665 -0.0006952 -0.000329155 -4.69712e-05 -4.07693e-05 0.000696767 -5.51035e-05 -0.000517108 -4.22169e-05 -5.12829e-05 -4.30712e-05 -5.28539e-05 -4.61079e-05 -5.66535e-05 -0.000588621 -4.32353e-05 8.1322e-05 0.00043493 5.16675e-05 6.78797e-05 5.70386e-05 0.000181653 8.94667e-06 -0.000241619 -0.000519252
internal_weight=5000 2192 2016 1987 176 98 78 55 2808 2780 53 2727 74 2653 2627 2602 2579 2556 2520 62 2458 1966 72 49 1894 1871 521 1350 266 156
internal_count=5000 2192 2016 1987 176 98 78 55 2808 2780 53 2727 74 2653 2627 2602 2579 2556 2520 62 2458 1966 72 49 1894 1871 521 1350 266 156
is_linear=0
shrinkage=0.1


Tree=67
num_leaves=31
num_cat=0
split_feature=0 0 1 1 0 0 0 0 0 0 0 0 2 0 0 0 0 2 0 0 2 0 0 0 0 0 2 0 0 0
split_gain=0.00136182 0.00205932 0.00234312 0.00132969 0.00175051 0.00139926 0.00136587 0.00144824 0.00426613 0.00135357 0.00180864 0.00119944 0.00100397 0.00258528 0.00364743 0.00279132 0.00162567 0.00187462 0.00281288 0.00130113 0.00126557 0.00111378 0.00254322 0.00275447 0.00614431 0.008381 0.00587933 0.00219283 0.00286065 0.00135909
threshold=0.50263577699661266 0.50811097025871288 1.5000000000000002 1.0000000180025095e-35 0.52572613954544078 0.99602460861206066 0.99204844236373912 0.98563650250434887 0.98273369669914257 0.93083894252777111 0.91075631976127636 0.94108602404594432 1.0000000180025095e-35 0.76639375090599071 0.84834700822830211 0.67384517192840587 0.85702133178710949 2.5000000000000004 0.8805164396762849 0.84398281574249279 4.5000000000000009 0.54902255535125744 0.57060566544532787 0.59731158614158641 0.60740214586257946 0.61726689338684093 2.5000000000000004 0.64097231626510631 0.65585827827453624 0.70881193876266491
decision_type=2 2 2 2 2 2 2 2 2 2 2 2 2 2 2 2 2 2 2 2 2 2 2 2 2 2 2 2 2 2
left_child=-1 2 -2 4 -3 6 7 8 -5 10 12 -11 13 15 -15 -6 19 -18 -19 21 -20 -14 -23 26 -25 -26 -24 -27 -29 -30
right_child=1 3 -4 5 9 -7 -8 -9 -10 11 -12 -13 16 14 -16 -17 17 18 20 -21 -22 22 23 24 25 27 -28 28 29 -31
leaf_value=-0.00082352023047860723 0.00011012721776128991 -0.00073441190761514008 0.0014069166309623555 2.1430715005020106e-05 0.0001353113153683288 -0.00065637993296453105 0.00071292144993063196 -0.00054635519997894095 0.0012604392965191178 -0.0010756346280686557 0.00061109510161692188 -0.00024334822488992019 0.00038035793043673043 -0.001325332015985623 0.0005844915914349258 0.0015936403806942206 0.0001716408926736692 -0.0016811384784017247 0.00026923004537820816 0.00066252565290778878 -0.00085574470693245525 -0.00089160555030386418 -0.00046838273783214395 -0.0016560891289263966 0.0019558610825333744 -0.0007403208612780667 0.0016598225894591048 0.0010268626959852713 -0.00042168939385360489 -2.1744121710823101e-06
leaf_weight=20 38 42 22 3702 35 30 29 44 28 20 42 129 50 20 20 21 29 23 20 25 20 39 25 25 20 53 27 23 108 271
leaf_count=20 38 42 22 3702 35 30 29 44 28 20 42 129 50 20 20 21 29 23 20 25 20 39 25 25 20 53 27 23 108 271
internal_value=-1.15333e-12 3.30731e-06 0.000585617 -3.79402e-06 -0.000101416 2.38906e-05 2.92569e-05 2.40035e-05 3.07316e-05 -7.59749e-05 -2.95638e-05 -0.000355065 -6.10716e-05 0.000243599 -0.00037042 0.000682185 -9.96579e-05 -0.000493684 -0.000799944 -4.5228e-05 -0.000293257 -7.28315e-05 -0.000111172 -5.60331e-05 -0.000128072 -4.76498e-05 0.000636647 -0.000135716 -5.60047e-05 -0.00012172
internal_weight=5000 4980 60 4920 1087 3833 3803 3774 3730 1045 896 149 854 96 40 56 758 92 63 666 40 641 591 552 500 475 52 455 402 379
internal_count=5000 4980 60 4920 1087 3833 3803 3774 3730 1045 896 149 854 96 40 56 758 92 63 666 40 641 591 552 500 475 52 455 402 379
is_linear=0
shrinkage=0.1


Tree=68
num_leaves=31
num_cat=0
split_feature=3 0 0 0 2 1 2 2 0 0 0 0 0 0 1 0 0 0 0 0 0 1 0 2 0 0 0 1 1 2
split_gain=0.0012026 0.000969381 0.00220231 0.00163343 0.0038871 0.00177674 0.00126613 0.00125396 0.00333601 0.00507832 0.00241139 0.00637622 0.00697881 0.00484828 0.0041037 0.00222552 0.00279386 0.00131165 0.000786854 0.0117222 0.0106198 0.00220424 0.00148894 0.00784861 0.00749173 0.00255957 0.00363287 0.0024787 0.0018444 0.00181883
threshold=1.0000000180025095e-35 0.52917867898941051 0.53422278165817272 0.51583248376846325 3.5000000000000004 1.5000000000000002 3.5000000000000004 1.0000000180025095e-35 0.96227243542671215 0.93421936035156261 0.71617025136947643 0.64326518774032604 0.60969197750091564 0.75000432133674633 2.5000000000000004 0.8000679910182954 0.84118103981018078 0.56298932433128368 0.90345004200935375 0.91075631976127636 0.89767932891845714 4.5000000000000009 0.93083894252777111 2.5000000000000004 0.91795152425766002 0.96441689133644115 0.97202536463737499 2.5000000000000004 1.0000000180025095e-35 4.5000000000000009
decision_type=2 2 2 2 2 2 2 2 2 2 2 2 2 2 2 2 2 2 2 2 2 2 2 2 2 2 2 2 2 2
left_child=1 3 -3 5 -5 6 -1 8 9 10 11 12 17 -12 15 -15 -17 -4 20 -20 21 -9 23 -21 -25 27 -27 28 -24 -28
right_child=-2 2 7 4 -6 -7 -8 18 -10 -11 13 -13 -14 14 -16 16 -18 -19 19 22 -22 -23 25 24 -26 26 29 -29 -30 -31
leaf_value=0.00087870149388133238 -4.9853804123311556e-05 -0.00077859787340981497 0.00018808296140791341 -0.00011495395867516185 0.0013351044084533659 -0.00058351810527683217 -0.00018453597246358795 3.8412099631630892e-05 -0.00072413842020923214 0.0018346333787554786 -0.0014557642529585534 0.0015456136382584061 -0.0012430876925853748 0.00069632974627893425 0.0013050808069797663 -0.0013900439330609517 -1.3151386363980628e-05 0.0012467918284237386 0.0019461804937401959 0.0019249880949602179 -0.0016907849776986485 -0.00087288883134735646 -0.00081750834062217911 -0.0017182779595962283 0.00058959718817510676 0.0010730768227778539 0.00013108655066279895 -0.0014034772556359796 1.624295128935791e-05 -0.00078886895873814678
leaf_weight=24 2459 33 22 36 38 33 21 1565 33 21 21 42 28 26 26 20 56 25 33 23 37 27 39 22 39 34 83 22 83 29
leaf_count=24 2459 33 22 36 38 33 21 1565 33 21 21 42 28 26 26 20 56 25 33 23 37 27 39 22 39 34 83 22 83 29
internal_value=1.7495e-13 4.8245e-05 3.26653e-05 0.000293113 0.000629671 -2.61861e-05 0.000382524 4.40285e-05 0.00022805 0.000337535 0.000219343 0.000559119 6.68221e-06 -4.74613e-05 0.000183588 -0.000102282 -0.000375492 0.000751226 1.51057e-05 0.000139477 -1.59681e-05 2.29566e-05 -1.99376e-05 0.000350796 -0.000242751 -0.000127323 0.000167723 -0.000426466 -0.000250284 -0.000107116
internal_weight=5000 2541 2389 152 74 78 45 2356 320 287 266 117 75 149 128 102 76 47 2036 407 1629 1592 374 84 61 290 146 144 122 112
internal_count=5000 2541 2389 152 74 78 45 2356 320 287 266 117 75 149 128 102 76 47 2036 407 1629 1592 374 84 61 290 146 144 122 112
is_linear=0
shrinkage=0.1


Tree=69
num_leaves=31
num_cat=0
split_feature=0 0 1 0 0 2 1 1 0 0 0 0 0 2 0 0 0 1 3 0 2 0 0 0 0 3 0 0 0 0
split_gain=0.00108015 0.00170224 0.00206156 0.00108201 0.00388123 0.00386789 0.00292665 0.00113499 0.00187469 0.00205914 0.00224818 0.00518443 0.00444354 0.00493837 0.00322448 0.00261351 0.00401734 0.00290806 0.00186733 0.00180608 0.00163033 0.00153972 0.00150699 0.00555678 0.00509602 0.00549306 0.00162293 0.0059214 0.00154099 0.00395093
threshold=0.50263577699661266 0.50811097025871288 1.5000000000000002 0.51583248376846325 0.51830527186393749 1.5000000000000002 1.5000000000000002 1.5000000000000002 0.52783659100532543 0.53422278165817272 0.54902255535125744 0.56518462300300609 0.58441710472106945 1.5000000000000002 0.57720559835433971 0.5924232304096223 0.59918230772018444 2.5000000000000004 1.0000000180025095e-35 0.52572613954544078 2.5000000000000004 0.52917867898941051 0.6390553116798402 0.63062384724617015 0.65322408080101024 1.0000000180025095e-35 0.67384517192840587 0.68115732073783886 0.61185336112976085 0.62097719311714183
decision_type=2 2 2 2 2 2 2 2 2 2 2 2 2 2 2 2 2 2 2 2 2 2 2 2 2 2 2 2 2 2
left_child=-1 2 -2 5 -5 -3 -7 19 -9 -10 20 -12 13 -13 18 17 -17 -14 -15 -6 -11 -21 23 28 25 -24 -26 -28 -18 -30
right_child=1 3 -4 4 7 6 -8 8 9 10 11 12 15 14 -16 16 22 -19 -20 21 -22 -23 24 -25 26 -27 27 -29 29 -31
leaf_value=-0.0007334278602502309 8.6360949238664241e-05 0.00083607518346980221 0.0013027450083014133 0.0013926972729677801 -0.00066072698583469756 -0.00017946174434785333 -0.0015960928341373802 0.00072962032980285587 -0.0007704396454256869 0.0012889505984882514 -0.0008392439991108735 -0.00043873020633192807 -0.0015114626291229481 0.0012172848705879669 0.0019389388487131025 0.0013042435860261322 -0.00038448199400522329 0.00011616155416482972 -0.00011780042739701458 0.00073040205752477054 0.00023617517772914939 -4.2942167526941317e-05 0.0018583917424621179 -0.0013781911262672761 -0.00038918590535803768 4.5652122103742193e-05 0.0015718497099442175 1.9157268414086764e-05 0.0011750516932806931 -0.0002479219768429175
leaf_weight=20 38 20 22 20 47 35 25 40 31 24 66 27 23 22 30 25 53 21 20 26 38 2627 32 35 91 35 25 1400 32 50
leaf_count=20 38 20 22 20 47 35 25 40 31 24 66 27 23 22 30 25 53 21 20 26 38 2627 32 35 91 35 25 1400 32 50
internal_value=2.08562e-12 2.9455e-06 0.000532368 -3.51088e-06 2.51827e-06 -0.000368275 -0.000769725 -3.2501e-06 5.15129e-05 3.84723e-05 5.07106e-05 3.22077e-05 6.21482e-05 0.000714613 0.00114712 2.6696e-05 4.55367e-05 -0.000734642 0.00058153 -4.62492e-05 0.000643701 -3.53632e-05 2.7586e-05 -0.000255345 5.79702e-05 0.000911438 2.0251e-05 4.63975e-05 3.5763e-05 0.000307385
internal_weight=5000 4980 60 4920 4840 80 60 4820 2120 2080 2049 1987 1921 99 72 1822 1778 44 42 2700 62 2653 1753 170 1583 67 1516 1425 135 82
internal_count=5000 4980 60 4920 4840 80 60 4820 2120 2080 2049 1987 1921 99 72 1822 1778 44 42 2700 62 2653 1753 170 1583 67 1516 1425 135 82
is_linear=0
shrinkage=0.1


Tree=70
num_leaves=31
num_cat=0
split_feature=1 2 2 2 2 1 0 0 0 0 0 0 3 0 0 0 0 0 0 0 0 0 0 0 1 1 3 0 3 2
split_gain=0.000933098 0.00139029 0.00203219 0.000903594 0.00378483 0.00163073 0.00212398 0.00142779 0.00328252 0.00140039 0.00217738 0.00200181 0.00198945 0.00152608 0.00193014 0.00129619 0.00224014 0.00614527 0.00343663 0.00366808 0.00262684 0.0027533 0.00400863 0.00206228 0.0014909 0.00249618 0.00170501 0.00229282 0.00147781 0.00118383
threshold=4.5000000000000009 2.5000000000000004 4.5000000000000009 4.5000000000000009 3.5000000000000004 3.5000000000000004 0.52783659100532543 0.55542752146720897 0.57060566544532787 0.93590679764747631 0.97202536463737499 0.91795152425766002 1.0000000180025095e-35 0.90345004200935375 0.8911033868789674 0.86171594262123119 0.81839299201965343 0.8038204312324525 0.78288164734840404 0.75357362627983104 0.73693275451660167 0.71818515658378612 0.70260703563690197 0.83201095461845409 1.5000000000000002 2.5000000000000004 1.0000000180025095e-35 0.64513748884201061 1.0000000180025095e-35 1.0000000180025095e-35
decision_type=2 2 2 2 2 2 2 2 2 2 2 2 2 2 2 2 2 2 2 2 2 2 2 2 2 2 2 2 2 2
left_child=3 -2 -3 4 29 6 -6 -8 -9 11 -11 13 -12 14 15 16 17 18 19 20 21 22 24 -18 26 28 -10 -28 -26 -1
right_child=1 2 -4 -5 5 -7 7 8 9 10 12 -13 -14 -15 -16 -17 23 -19 -20 -21 -22 -23 -24 -25 25 -27 27 -29 -30 -31
leaf_value=8.3960836081294369e-05 0.00086280182341954897 -0.00053207961368727794 0.00075961154708195297 -7.3055819803965027e-05 0.00093810014142137437 0.00088938884861168577 -0.00040100724092388359 0.0014487933041527868 0.00089801601114397112 0.0010242411068120843 0.00066407899406234114 -0.00089782714610919356 -0.00065244263228537015 0.00086836838230598147 -0.00087991062900982797 0.00063315450369069975 -0.0012415716100646103 0.001708314118271422 -0.00087121713149826982 0.0010284570756734215 -0.00089488549930527887 0.0012225194274270465 -0.0013233822956681251 -2.9342897081126768e-05 -0.0010085885007693261 0.00083110621199011803 -0.00071010169340297586 0.00070323974408286936 -1.7636960632551243e-05 -6.8781095364805805e-05
leaf_weight=669 31 29 21 1413 36 35 44 20 44 43 24 20 22 26 20 45 23 24 36 42 28 21 20 36 27 20 22 24 34 2101
leaf_count=669 31 29 21 1413 36 35 44 20 44 43 24 20 22 26 20 45 23 24 36 42 28 21 20 36 27 20 22 24 34 2101
internal_value=-1.416e-12 0.000336647 1.04307e-05 -5.54348e-06 2.16656e-05 0.000223232 0.000189972 0.000149471 0.000188475 0.000146534 0.000512658 8.28915e-05 3.44382e-05 0.000122758 8.11576e-05 0.000124255 6.71464e-05 0.000165316 4.88637e-05 0.000166321 1.54469e-05 0.00013568 1.6184e-05 -0.000501907 0.000172858 -0.000138388 0.00045298 2.72938e-05 -0.000456255 -3.18914e-05
internal_weight=5000 81 50 4919 3506 736 701 665 621 601 89 512 46 492 466 446 401 342 318 282 240 212 191 59 171 81 90 46 61 2770
internal_count=5000 81 50 4919 3506 736 701 665 621 601 89 512 46 492 466 446 401 342 318 282 240 212 191 59 171 81 90 46 61 2770
is_linear=0
shrinkage=0.1


Tree=71
num_leaves=31
num_cat=0
split_feature=3 1 2 1 2 2 0 0 0 0 0 0 0 0 0 2 0 0 2 0 0 0 0 0 0 2 0 0 2 0
split_gain=0.000893028 0.000956343 0.00160331 0.000741175 0.00154987 0.00143198 0.00407242 0.00218892 0.00226666 0.00550659 0.00130616 0.00326475 0.00208076 0.00114262 0.00129695 0.00134591 0.000998929 0.000891723 0.000693049 0.00297428 0.013682 0.00382951 0.00265055 0.00306758 0.00281226 0.00435159 0.00238672 0.00530524 0.00324537 0.00283401
threshold=1.0000000180025095e-35 4.5000000000000009 3.5000000000000004 1.0000000180025095e-35 5.5000000000000009 4.5000000000000009 0.73132464289665233 0.64900735020637523 0.70983868837356578 0.75748476386070263 0.52783659100532543 0.55127096176147472 0.6051064431667329 0.79092702269554149 0.92201247811317455 1.5000000000000002 0.94858148694038402 0.72722959518432628 4.5000000000000009 0.58856511116027843 0.59378358721733104 0.58090439438819896 0.5924232304096223 0.56518462300300609 0.64097231626510631 5.5000000000000009 0.70644858479499828 0.7637692689895631 5.5000000000000009 0.72722959518432628
decision_type=2 2 2 2 2 2 2 2 2 2 2 2 2 2 2 2 2 2 2 2 2 2 2 2 2 2 2 2 2 2
left_child=1 -1 -3 4 5 7 -7 10 -9 -10 -2 -12 -13 -11 15 -15 -16 -6 19 21 -21 -5 23 -20 25 -24 28 29 -26 -28
right_child=3 2 -4 18 17 6 -8 8 9 13 11 12 -14 14 16 -17 -18 -19 22 20 -22 -23 24 -25 26 -27 27 -29 -30 -31
leaf_value=3.3525240498521903e-05 -0.00038429077706366246 0.0011639869142527459 -6.0244311538079515e-05 -0.00015024984162706926 0.00066266569986262109 -0.0013675335461173106 7.1312467584253432e-05 -0.00093473568789625506 0.0010724557233193228 -0.0010802246234379708 0.0015274137002415956 -0.00050362949400688673 0.00056315685004647536 0.00034629830454584659 -0.0011121316161869024 -0.00036147804509011516 -0.00026689092520772926 -2.4999340795065195e-05 -1.3985434585871796e-05 0.0026843864715192468 4.5457259200740131e-05 -0.0013935517844012274 -0.0019301695156963947 0.0011554717053513742 0.0010569055655246808 3.7060852099040694e-05 -0.00043176018992777576 -8.6179947774744025e-05 -0.00021077155277294957 -0.0020030737350073954
leaf_weight=2498 28 20 23 215 33 37 42 46 31 20 20 33 41 44 27 69 29 44 75 20 1113 28 23 32 36 22 22 259 46 24
leaf_count=2498 28 20 23 215 33 37 42 46 31 20 20 33 41 44 27 69 29 44 75 20 1113 28 23 32 36 22 22 259 46 24
internal_value=2.17107e-12 4.15743e-05 0.000509166 -4.29606e-05 -0.000145967 -0.000214506 -0.000602577 -0.000135491 -0.000296348 -0.000162866 0.000215228 0.000393808 8.74278e-05 -0.000365485 -0.000280901 -8.58837e-05 -0.000674418 0.000269714 -1.36991e-05 2.39524e-05 9.20403e-05 -0.000293511 -0.000109819 0.000335759 -0.000220182 -0.000968412 -0.000133178 -0.000261945 0.00034577 -0.00125158
internal_weight=5000 2541 43 2459 544 467 79 388 266 220 122 94 74 189 169 113 56 77 1915 1376 1133 243 539 107 432 45 387 305 82 46
internal_count=5000 2541 43 2459 544 467 79 388 266 220 122 94 74 189 169 113 56 77 1915 1376 1133 243 539 107 432 45 387 305 82 46
is_linear=0
shrinkage=0.1


Tree=72
num_leaves=31
num_cat=0
split_feature=0 0 0 0 0 0 2 0 0 1 0 0 0 0 0 0 0 0 0 0 0 0 0 0 0 0 2 0 0 0
split_gain=0.000860051 0.00132434 0.00195748 0.000859754 0.00343074 0.00312378 0.00135572 0.00081782 0.000994918 0.00102729 0.00210199 0.00255068 0.00431061 0.00614578 0.00258102 0.00184235 0.00164749 0.00153601 0.00145478 0.0016332 0.00186362 0.00437657 0.004222 0.00260718 0.006066 0.00129739 0.00129057 0.00128001 0.00123379 0.00140852
threshold=0.50263577699661266 0.50811097025871288 0.50606879591941845 0.51583248376846325 0.51356586813926708 0.51830527186393749 3.5000000000000004 0.99602460861206066 0.99204844236373912 1.5000000000000002 0.97893097996711742 0.9663703739643098 0.95017054677009594 0.95459434390068065 0.97202536463737499 0.96227243542671215 0.9470483958721162 0.52572613954544078 0.52783659100532543 0.53422278165817272 0.54902255535125744 0.56518462300300609 0.57060566544532787 0.57557615637779247 0.57960009574890148 0.55938175320625316 2.5000000000000004 0.98273369669914257 0.52917867898941051 0.53315225243568432
decision_type=2 2 2 2 2 2 2 2 2 2 2 2 2 2 2 2 2 2 2 2 2 2 2 2 2 2 2 2 2 2
left_child=-1 2 -2 4 6 -5 -3 8 9 10 11 12 16 -14 -13 -15 17 -7 -11 -20 26 25 -23 -24 -25 -22 -21 -12 -19 -30
right_child=1 3 -4 5 -6 7 -8 -9 -10 18 27 14 13 15 -16 -17 -18 28 19 20 21 22 23 24 -26 -27 -28 -29 29 -31
leaf_value=-0.00065445054162410093 6.5716662793420251e-05 0.00045160925947129726 0.0012773720009136014 0.0012494796628016048 -0.0014624669507611544 -0.00059921111517704715 -0.00051256824191659692 -0.00046494824514650788 0.00051045181125549505 0.00064639442251063889 -0.0012270831344981812 0.001186636180842898 -0.0021593145201104168 0.00039865010330686346 4.2835859571920436e-05 -0.00084474324989555923 0.00078283897484652707 0.00066319318362869902 -0.00068286037234018644 0.0011623946969242147 -0.00041159184227581138 0.0013772494334792404 -0.0010655296100507952 0.0016688826979826326 3.4676193132676021e-05 -0.0013189748619109967 0.00022571754295648517 -0.00030933561343276367 -0.00077607205032836652 -2.140023746303135e-05
leaf_weight=20 40 35 20 20 20 47 25 38 38 40 21 34 23 26 47 22 25 26 31 24 40 24 21 23 1825 26 38 55 25 2301
leaf_count=20 40 35 20 20 20 47 25 38 38 40 21 34 23 26 47 22 25 26 31 24 40 24 21 23 1825 26 38 55 25 2301
internal_value=4.99094e-13 2.62832e-06 0.000469602 -3.06648e-06 -0.000328215 2.30788e-06 4.98686e-05 -2.86711e-06 8.04803e-07 -3.27753e-06 -4.46077e-05 -2.93158e-05 -4.7245e-05 -0.000815263 0.00052295 -0.000171239 -2.47495e-05 -3.31653e-05 4.91162e-05 3.74733e-05 4.85225e-05 3.14391e-05 5.93482e-05 4.2425e-05 5.50153e-05 -0.000769046 0.000588302 -0.000562924 -2.1854e-05 -2.95115e-05
internal_weight=5000 4980 60 4920 80 4840 60 4820 4782 4744 2652 2576 2495 71 81 48 2424 2399 2092 2052 2021 1959 1893 1869 1848 66 62 76 2352 2326
internal_count=5000 4980 60 4920 80 4840 60 4820 4782 4744 2652 2576 2495 71 81 48 2424 2399 2092 2052 2021 1959 1893 1869 1848 66 62 76 2352 2326
is_linear=0
shrinkage=0.1


Tree=73
num_leaves=31
num_cat=0
split_feature=3 1 0 0 0 0 2 0 0 0 0 2 0 0 0 0 0 0 0 1 0 0 2 0 0 0 2 0 1 2
split_gain=0.000745419 0.000764282 0.00136711 0.000577502 0.0022329 0.00111002 0.00107467 0.0010413 0.0024727 0.00175436 0.00168264 0.00141758 0.00090871 0.00537648 0.00222406 0.00251784 0.00152399 0.00119825 0.00361778 0.00291197 0.00189415 0.00259971 0.00141818 0.000961179 0.00351239 0.00298697 0.00220597 0.00398175 0.00177151 0.00185667
threshold=1.0000000180025095e-35 4.5000000000000009 0.78522416949272167 0.91376066207885753 0.92877322435379039 0.93590679764747631 1.5000000000000002 0.89312097430229198 0.90119946002960216 0.87906971573829662 0.87534609436988842 2.5000000000000004 0.84398281574249279 0.8388219177722932 0.85106337070465099 0.85702133178710949 0.86694139242172252 0.81839299201965343 0.81167602539062511 2.5000000000000004 0.83201095461845409 0.83600708842277538 3.5000000000000004 0.75000432133674633 0.72951611876487743 0.76927417516708385 1.5000000000000002 0.74163156747818004 2.5000000000000004 1.5000000000000002
decision_type=2 2 2 2 2 2 2 2 2 2 2 2 2 2 2 2 2 2 2 2 2 2 2 2 2 2 2 2 2 2
left_child=1 -1 -3 7 6 -6 -5 9 -9 10 12 -11 13 17 -14 -16 -17 18 23 20 22 -22 -19 24 -2 -25 -26 -28 29 -27
right_child=3 2 -4 4 5 -7 -8 8 -10 11 -12 -13 14 -15 15 16 -18 19 -20 -21 21 -23 -24 25 26 28 27 -29 -30 -31
leaf_value=3.0787733724299134e-05 -3.6286584604472502e-05 -6.9804671827865689e-05 0.0010606605571229011 -0.0011903336786557564 0.00046869448946184803 -0.00011060198637026659 -0.00034662050505479178 0.00096144432512422408 -5.1268647673654635e-05 -0.0011581925015586119 0.0007978986310772598 -0.00018139056203206284 -0.0010203482585981669 0.0014782155281864108 0.00071951658930629497 -0.0007902754581300543 8.8226373116366381e-05 -3.6085911878299986e-05 0.00089925308261732675 -0.0011859382925710333 0.0012337323145142623 -0.00035931790102040396 -0.0010873101319053345 -0.00069723865041548079 0.0014297673455439508 -0.00075459189058558367 0.00095218098722398285 -0.00082601440139114853 0.00063604821617765407 4.3119897431545504e-05
leaf_weight=2498 1144 23 20 26 37 312 36 36 73 24 25 39 31 24 30 40 39 33 43 30 21 20 21 84 25 37 34 20 37 138
leaf_count=2498 1144 23 20 26 37 312 36 36 73 24 25 39 31 24 30 40 39 33 43 30 21 20 21 84 25 37 34 20 37 138
internal_value=-1.19529e-12 3.79833e-05 0.000455993 -3.92499e-05 -0.000147429 -4.91866e-05 -0.000700436 -1.75402e-05 0.000283205 -3.44465e-05 -1.70154e-05 -0.000553506 -2.80218e-05 -7.97945e-06 -0.000272968 -6.041e-05 -0.000356585 -2.91227e-05 -5.28139e-06 -0.000327044 -5.5814e-05 0.000456635 -0.000444895 -3.0887e-05 8.24709e-06 -0.00019258 0.00065314 0.00029359 7.37939e-06 -0.000125539
internal_weight=5000 2541 43 2459 411 349 62 2048 109 1939 1876 63 1851 1711 140 109 79 1687 1562 125 95 41 54 1519 1223 296 79 54 212 175
internal_count=5000 2541 43 2459 411 349 62 2048 109 1939 1876 63 1851 1711 140 109 79 1687 1562 125 95 41 54 1519 1223 296 79 54 212 175
is_linear=0
shrinkage=0.1


Tree=74
num_leaves=31
num_cat=0
split_feature=2 2 2 0 0 0 0 0 0 3 0 2 2 3 0 0 1 2 1 1 2 0 0 2 0 0 0 0 0 0
split_gain=0.000773155 0.00117322 0.00301671 0.00125945 0.00115346 0.00401014 0.00154636 0.0110155 0.00243052 0.0018005 0.00177041 0.00626076 0.00198799 0.00127893 0.00111896 0.00200617 0.00345183 0.00300019 0.00358154 0.00258488 0.00156289 0.00119386 0.00321342 0.00477388 0.00217504 0.001875 0.00220548 0.0049663 0.00382062 0.00133788
threshold=1.0000000180025095e-35 3.5000000000000004 4.5000000000000009 0.51830527186393749 0.51005226373672496 0.5197696089744569 0.56518462300300609 0.55938175320625316 0.58856511116027843 1.0000000180025095e-35 0.53422278165817272 5.5000000000000009 5.5000000000000009 1.0000000180025095e-35 0.99204844236373912 0.94108602404594432 2.5000000000000004 1.5000000000000002 1.5000000000000002 1.5000000000000002 2.5000000000000004 0.52917867898941051 0.51356586813926708 1.5000000000000002 0.50606879591941845 0.54690846800804149 0.55763518810272228 0.56298932433128368 0.57060566544532787 0.53558674454689037
decision_type=2 2 2 2 2 2 2 2 2 2 2 2 2 2 2 2 2 2 2 2 2 2 2 2 2 2 2 2 2 2
left_child=-1 14 3 -3 -4 -6 7 10 9 -8 12 -12 -7 -13 15 21 17 19 20 -17 -19 22 24 -24 -2 29 -27 -28 -29 -23
right_child=1 2 4 -5 5 6 8 -9 -10 -11 11 13 -14 -15 -16 16 -18 18 -20 -21 -22 25 23 -25 -26 26 27 28 -30 -31
leaf_value=9.9283186667954224e-05 -0.00055014382152625458 0.00094362207667224795 -0.00067340316018089659 0.00017568199681030424 0.00099101007123150535 0.00013845142287512621 -4.0330310110692627e-05 -0.0024905475887602997 -6.0743903408290434e-05 0.0010399437059984648 -0.0007041481556370855 0.00049849364440888164 -0.0012546230596490206 0.0015918908897615243 0.00055972213490999173 -0.00030844398653071778 -0.0014076031894156976 0.00015744147711255863 0.00091041478315471785 -0.0017194908775854856 -0.00073220013335230762 -7.490435539669282e-06 0.00025561092029833659 -0.0016242585613092941 0.00058145368735805709 -0.00075364679025031285 0.0014309645134388755 -0.0010397628467456487 -2.5171532404902327e-05 0.00080024384964338469
leaf_weight=678 29 22 29 730 37 21 27 21 1164 36 36 20 20 23 28 37 28 39 36 20 40 37 22 35 41 43 23 38 1594 46
leaf_count=678 29 22 29 730 37 21 27 21 1164 36 36 20 20 23 28 37 28 39 36 20 40 37 22 35 41 43 23 38 1594 46
internal_value=1.65423e-12 -1.55747e-05 3.59272e-05 0.000198148 -4.91427e-05 -3.62576e-05 -6.40419e-05 -0.000377677 -2.80007e-05 0.000576969 -7.9246e-06 0.000268785 -0.000541097 0.00108333 -6.82823e-05 -7.66239e-05 -0.00037794 -0.00021032 8.37143e-05 -0.000803548 -0.00029301 -4.50394e-05 -0.000341261 -0.000898695 0.000112649 -2.39163e-05 -4.66013e-05 -2.8231e-05 -4.87956e-05 0.00044017
internal_weight=5000 4322 2186 752 1434 1405 1368 141 1227 63 120 79 41 43 2136 2108 200 172 115 57 79 1908 127 57 70 1781 1698 1655 1632 83
internal_count=5000 4322 2186 752 1434 1405 1368 141 1227 63 120 79 41 43 2136 2108 200 172 115 57 79 1908 127 57 70 1781 1698 1655 1632 83
is_linear=0
shrinkage=0.1


Tree=75
num_leaves=31
num_cat=0
split_feature=0 0 1 0 0 0 0 0 0 0 0 2 3 0 2 0 0 0 2 0 2 0 0 0 0 0 0 2 0 0
split_gain=0.00073746 0.000727747 0.000748465 0.00163536 0.00218756 0.00314107 0.00273369 0.00563307 0.00136538 0.00110432 0.00498186 0.00480075 0.00187184 0.00108102 0.00106565 0.000981422 0.00076667 0.00161926 0.00184036 0.00104731 0.00381555 0.00114574 0.00109366 0.0021318 0.00125642 0.00135646 0.00107758 0.0032225 0.00218067 0.000784617
threshold=0.99602460861206066 0.99204844236373912 1.5000000000000002 0.97893097996711742 0.9683339297771455 0.97202536463737499 0.95017054677009594 0.95459434390068065 0.9470483958721162 0.97540909051895153 0.9663703739643098 1.5000000000000002 1.0000000180025095e-35 0.98273369669914257 2.5000000000000004 0.96227243542671215 0.50606879591941845 0.51356586813926708 3.5000000000000004 0.52572613954544078 3.5000000000000004 0.52917867898941051 0.53315225243568432 0.53558674454689037 0.5392587184906007 0.54247352480888378 0.55763518810272228 3.5000000000000004 0.56084686517715465 0.55127096176147472
decision_type=2 2 2 2 2 2 2 2 2 2 2 2 2 2 2 2 2 2 2 2 2 2 2 2 2 2 2 2 2 2
left_child=1 2 3 4 6 -6 8 -8 16 10 -4 -11 -13 -5 -15 -9 -1 18 -18 20 -19 -21 -23 -24 -25 -26 27 29 -28 -27
right_child=-2 -3 9 13 5 -7 7 15 -10 11 -12 12 -14 14 -16 -17 17 19 -20 21 -22 22 23 24 25 26 28 -29 -30 -31
leaf_value=-0.00054583234970258286 -0.00043885468621738258 0.00043930323720958671 5.2214601486270369e-05 -0.0011023213563021272 0.0014569034200879591 5.0811529867945519e-05 -0.0019326024511626559 0.00037317964701147647 0.00071720241883303977 -0.00083026863590237644 -0.0010886809502083522 0.0016615974849132312 0.00041897610212294649 0.00032337252137949692 -0.00059166643502456804 -0.0004539626715995837 0.00098592849906047118 -0.0010116730908711637 -0.00022974658990278842 0.00064024343155324461 0.0004437172484974708 -0.00068513386929407725 0.00093777799452452566 -0.00076516943619303092 0.0006958124765123313 0.00048495198535765041 0.00095179655865016994 -0.0010831783110326206 -2.718636842568069e-05 -0.00031765911927712819
leaf_weight=28 38 38 2055 21 24 47 23 26 25 21 39 22 27 20 35 32 33 43 20 26 31 25 23 23 26 29 23 37 2119 21
leaf_count=28 38 38 2055 21 24 47 23 26 25 21 39 22 27 20 35 32 33 43 20 26 31 25 23 23 26 29 23 37 2119 21
internal_value=-9.5054e-13 3.36084e-06 -3.46257e-09 -3.45259e-05 -2.15729e-05 0.00052611 -3.64545e-05 -0.000608321 -1.81602e-05 4.40269e-05 3.09658e-05 0.000434741 0.000976888 -0.000491969 -0.000258925 -8.31747e-05 -2.54933e-05 -1.96161e-05 0.000527183 -3.15618e-05 -0.000401983 -1.99074e-05 -2.72866e-05 -2.01392e-05 -2.98109e-05 -2.23106e-05 -3.0687e-05 -0.000375688 -1.66744e-05 0.000147855
internal_weight=5000 4962 4924 2760 2684 71 2613 81 2532 2164 2094 70 49 76 55 58 2507 2479 53 2426 74 2352 2326 2301 2278 2255 2229 87 2142 50
internal_count=5000 4962 4924 2760 2684 71 2613 81 2532 2164 2094 70 49 76 55 58 2507 2479 53 2426 74 2352 2326 2301 2278 2255 2229 87 2142 50
is_linear=0
shrinkage=0.1


Tree=76
num_leaves=31
num_cat=0
split_feature=2 0 0 0 0 0 3 0 0 1 1 0 0 0 0 0 0 2 2 0 0 0 0 0 0 0 0 0 0 0
split_gain=0.000653025 0.0010406 0.00111046 0.00745442 0.00626484 0.00386194 0.0024153 0.00153328 0.00329669 0.00177522 0.00296423 0.0034213 0.00285996 0.00134672 0.00262991 0.00296082 0.00157489 0.000964326 0.00240454 0.00106096 0.00308287 0.00176932 0.00231303 0.00155611 0.00207094 0.00196794 0.00163207 0.00177908 0.00282626 0.00140607
threshold=1.0000000180025095e-35 0.52917867898941051 0.67384517192840587 0.65585827827453624 0.6370939612388612 0.71266618371009838 1.0000000180025095e-35 0.74367412924766552 0.75748476386070263 3.5000000000000004 2.5000000000000004 0.85279026627540599 0.78522416949272167 0.60969197750091564 0.58856511116027843 0.56929969787597667 0.55127096176147472 3.5000000000000004 4.5000000000000009 0.58441710472106945 0.56518462300300609 0.63062384724617015 0.65322408080101024 0.68988433480262767 0.70482498407363903 0.72951611876487743 0.74163156747818004 0.75357362627983104 0.77229654788970958 0.8038204312324525
decision_type=2 2 2 2 2 2 2 2 2 2 2 2 2 2 2 2 2 2 2 2 2 2 2 2 2 2 2 2 2 2
left_child=1 -1 3 4 13 6 -4 -7 -9 10 12 -12 -10 14 15 16 -3 -2 19 20 -19 -21 -23 -24 -25 -26 -27 -28 -29 -30
right_child=17 2 5 -5 -6 7 -8 8 9 -11 11 -13 -14 -15 -16 -17 -18 18 -20 21 -22 22 23 24 25 26 27 28 29 -31
leaf_value=0.00058602025121217598 -6.2098972560133001e-05 -0.00040232875259020015 0.0017202201302730512 -0.0018743679932826621 0.0016987570012653515 -0.00056528198336692234 0.00034799853074846083 0.0013503869064152242 -0.00094611776932593315 -0.00088459834863897414 0.0018090373958693819 0.00010891718276101968 7.3344164234835524e-05 -0.00063541853777700815 0.0010103692681613294 -0.0012098357260004956 0.00066948806212669049 0.00021790815897673222 -4.3570970376026424e-05 -0.00033442338006696789 0.0015495486540852913 0.00098526375282638012 -0.00042810970167112022 0.0010923012373192857 -0.00067293830091200244 0.0010521122254431249 -0.00074827065968531233 0.0012250155988440385 -0.0003208746947150804 0.00021330075350942023
leaf_weight=40 2136 26 23 22 21 38 29 20 31 20 20 29 245 41 22 22 29 101 1434 74 21 34 45 24 28 21 21 25 59 299
leaf_count=40 2136 26 23 22 21 38 29 20 31 20 20 29 245 41 22 22 29 101 1434 74 21 34 45 24 28 21 21 25 59 299
internal_value=-9.33742e-13 9.12447e-05 6.02243e-05 -0.000147803 8.81247e-05 0.000143893 0.000954943 3.92409e-05 0.000102177 2.98175e-05 8.60893e-05 0.000802844 -4.11606e-05 -0.00015347 4.61247e-05 -0.000229374 0.000162811 -1.43137e-05 3.23786e-05 0.000177208 0.000447125 0.000124938 0.000186076 0.000134022 0.000187053 0.000139093 0.000192591 0.000147913 0.000197051 0.000125266
internal_weight=5000 678 638 183 161 455 52 403 365 345 325 49 276 140 99 77 55 4322 2186 752 122 630 556 522 477 453 425 404 383 358
internal_count=5000 678 638 183 161 455 52 403 365 345 325 49 276 140 99 77 55 4322 2186 752 122 630 556 522 477 453 425 404 383 358
is_linear=0
shrinkage=0.1


Tree=77
num_leaves=31
num_cat=0
split_feature=3 1 2 1 2 2 0 0 0 0 2 0 0 0 0 0 2 0 0 0 0 0 0 0 0 0 0 0 2 0
split_gain=0.000623963 0.000648138 0.00128389 0.000573484 0.00124528 0.00103567 0.00322583 0.00172164 0.00181486 0.00419896 0.00111614 0.00109321 0.00243398 0.00159903 0.000999329 0.00104028 0.000629978 0.0010001 0.000897301 0.00079516 0.000585462 0.00429542 0.00252723 0.00220591 0.00487033 0.0026983 0.00157634 0.00315314 0.00289224 0.00393951
threshold=1.0000000180025095e-35 4.5000000000000009 3.5000000000000004 1.0000000180025095e-35 5.5000000000000009 4.5000000000000009 0.73132464289665233 0.64900735020637523 0.70983868837356578 0.75748476386070263 3.5000000000000004 0.52783659100532543 0.55127096176147472 0.6051064431667329 0.60740214586257946 0.77433055639266979 1.0000000180025095e-35 0.89578428864479076 0.8542768955230714 0.93083894252777111 0.57720559835433971 0.58441710472106945 0.57060566544532787 0.59060409665107738 0.60290887951850902 0.61185336112976085 0.56518462300300609 0.55542752146720897 5.5000000000000009 0.544326812028885
decision_type=2 2 2 2 2 2 2 2 2 2 2 2 2 2 2 2 2 2 2 2 2 2 2 2 2 2 2 2 2 2
left_child=1 -1 -3 4 5 7 -7 11 -9 -10 16 -2 -13 -14 -6 -16 17 -11 -18 -20 22 -22 26 -23 -25 -26 27 28 29 -5
right_child=3 2 -4 20 14 6 -8 8 9 10 -12 12 13 -15 15 -17 18 -19 19 -21 21 23 -24 24 25 -27 -28 -29 -30 -31
leaf_value=2.8125063853759752e-05 -0.00035819314673842331 0.0010056649520993233 -8.9850501440789392e-05 3.4744785594380209e-05 -0.00036209396319463854 -0.0011988021899014712 8.1783451189819202e-05 -0.00083464765984504286 0.00093474782883159579 -0.00098846076818352399 -0.00078992799448315051 0.0013324631121940911 -0.00042902267605038081 0.00050615661709410391 0.00099832084537907081 0.00012078151090203652 0.0003162131334531109 -1.1402035597711802e-05 -0.00055452991454374228 0.00014914219757953946 0.0011255194861030974 -0.00090661070102618802 -0.0010813063240605585 0.0010187409317713109 -0.00096467972655470179 -6.7568582345226282e-06 0.000691227253096608 -0.0010060160044979836 0.00092819124266194813 -0.0014554501278325916
leaf_weight=2498 28 20 23 157 20 37 42 46 31 22 40 20 33 41 22 35 39 20 42 26 34 27 26 46 30 1484 26 35 30 20
leaf_count=2498 28 20 23 157 20 37 42 46 31 22 40 20 33 41 22 35 39 20 42 26 34 27 26 46 30 1484 26 35 30 20
internal_value=2.65314e-12 3.47513e-05 0.000419692 -3.59102e-05 -0.000126518 -0.000187954 -0.000517985 -0.000120757 -0.000263414 -0.000143974 -0.000320908 0.000190283 0.000353659 8.91172e-05 0.000246085 0.000459481 -0.000194996 -0.000523195 -6.61705e-05 -0.000285479 -1.01709e-05 1.33767e-05 -0.000140003 -1.04499e-05 5.06059e-06 -2.57382e-05 -4.86828e-05 -0.000128177 2.02496e-05 -0.000133639
internal_weight=5000 2541 43 2459 544 467 79 388 266 220 189 122 94 74 77 57 149 42 107 68 1915 1621 294 1587 1560 1514 268 242 207 177
internal_count=5000 2541 43 2459 544 467 79 388 266 220 189 122 94 74 77 57 149 42 107 68 1915 1621 294 1587 1560 1514 268 242 207 177
is_linear=0
shrinkage=0.1


Tree=78
num_leaves=31
num_cat=0
split_feature=0 0 2 2 2 1 0 0 0 0 3 1 0 0 0 0 0 0 0 0 0 1 0 3 0 1 0 0 0 1
split_gain=0.000600851 0.000592495 0.000646876 0.00104631 0.00210797 0.00197671 0.00127067 0.00221377 0.00129575 0.00262138 0.00113131 0.00111665 0.00153881 0.0010973 0.00279529 0.00104001 0.00164363 0.00489949 0.00240411 0.00277397 0.00203971 0.00245747 0.00429689 0.00167956 0.00403056 0.00206667 0.00194939 0.00167749 0.00155743 0.00102615
threshold=0.99602460861206066 0.99204844236373912 1.0000000180025095e-35 3.5000000000000004 4.5000000000000009 4.5000000000000009 0.93590679764747631 0.91962972283363353 0.90345004200935375 0.8911033868789674 1.0000000180025095e-35 3.5000000000000004 0.52783659100532543 0.55542752146720897 0.57060566544532787 0.86171594262123119 0.81839299201965343 0.8038204312324525 0.78288164734840404 0.75357362627983104 0.73693275451660167 1.0000000180025095e-35 0.64513748884201061 1.0000000180025095e-35 0.6791571080684663 1.5000000000000002 0.62097719311714183 0.67062306404113781 0.83201095461845409 4.5000000000000009
decision_type=2 2 2 2 2 2 2 2 2 2 2 2 2 2 2 2 2 2 2 2 2 2 2 2 2 2 2 2 2 2
left_child=1 2 -1 5 6 -4 7 8 9 11 -8 12 -5 -14 -15 16 17 18 19 20 21 22 -16 24 25 -23 -25 -28 -18 -6
right_child=-2 -3 3 4 29 -7 10 -9 -10 -11 -12 -13 13 14 15 -17 28 -19 -20 -21 -22 23 -24 26 -26 -27 27 -29 -30 -31
leaf_value=9.1485982334043383e-05 -0.00039612730768950362 0.00039638543461670023 -5.2013782475525026e-05 0.00076410136793533139 -4.699476978889527e-05 -0.00082072540432872156 0.00087157756984790639 -0.00090893757995218032 0.00081258453549174913 -0.00094323892633176661 9.7323491354472941e-05 0.00069285723362363092 -0.00038973346818238497 0.0012892691686283797 -0.00033448355621658267 0.00053667724494718845 -0.0011005413627413951 0.0014915175734131481 -0.00075976337280331393 0.00085776144128647596 -0.00082534755430450392 0.0009143970243167132 0.0016501616094804679 -0.00042259482020932829 -0.0013388954180603228 -0.00038944376226995262 0.0012213950612298822 0.00010888556152525725 -4.7089157548422621e-05 0.00065728174522519114
leaf_weight=668 38 38 2074 36 1394 34 46 20 29 22 32 38 44 20 20 45 23 24 36 42 28 20 24 31 30 31 23 33 36 21
leaf_count=668 38 38 2074 36 1394 34 46 20 29 22 32 38 44 20 20 45 23 24 36 42 28 20 24 31 30 31 23 33 36 21
internal_value=1.21199e-12 3.03362e-06 -1.99081e-09 -1.43615e-05 3.47574e-05 -6.44124e-05 0.000172396 0.000126961 0.000159588 0.000128339 0.000553935 0.000168707 0.000132227 8.76245e-05 0.000132697 8.08327e-05 2.96781e-05 0.000113768 9.78669e-06 0.000108027 -2.31764e-05 8.27708e-05 0.00074805 -9.14691e-05 -0.000419157 0.000121866 0.000213619 0.000565809 -0.000457757 -3.65426e-05
internal_weight=5000 4962 4924 4256 2148 2108 733 655 635 606 78 584 546 510 466 446 401 342 318 282 240 212 44 168 81 51 87 56 59 1415
internal_count=5000 4962 4924 4256 2148 2108 733 655 635 606 78 584 546 510 466 446 401 342 318 282 240 212 44 168 81 51 87 56 59 1415
is_linear=0
shrinkage=0.1


Tree=79
num_leaves=31
num_cat=0
split_feature=0 0 1 0 2 0 1 0 0 0 0 0 0 1 0 3 1 0 2 0 2 3 2 2 0 0 2 0 0 0
split_gain=0.000560618 0.00105772 0.00170925 0.0010995 0.00294119 0.00235749 0.00232878 0.00049621 0.0102055 0.00337582 0.00197332 0.00170825 0.00301101 0.00362378 0.00244166 0.0014855 0.00142016 0.000964209 0.00462577 0.00148363 0.00309403 0.00193041 0.0032367 0.00291106 0.00141035 0.00121125 0.000895871 0.00310875 0.00253938 0.00528507
threshold=0.50263577699661266 0.50811097025871288 1.5000000000000002 0.51583248376846325 1.5000000000000002 0.51830527186393749 1.5000000000000002 0.72517535090446483 0.72286108136177074 0.73132464289665233 0.71818515658378612 0.70983868837356578 0.70260703563690197 1.5000000000000002 0.70081827044487011 1.0000000180025095e-35 1.5000000000000002 0.73693275451660167 3.5000000000000004 0.75357362627983104 5.5000000000000009 1.0000000180025095e-35 1.5000000000000002 2.5000000000000004 0.75748476386070263 0.75575494766235363 5.5000000000000009 0.92590162158012401 0.79681330919265758 0.77229654788970958
decision_type=2 2 2 2 2 2 2 2 2 2 2 2 2 2 2 2 2 2 2 2 2 2 2 2 2 2 2 2 2 2
left_child=-1 2 -2 4 -3 -5 -6 8 10 16 11 12 14 15 -7 -14 -9 18 -11 20 21 23 -23 -19 25 -21 -26 28 29 -28
right_child=1 3 -4 5 6 7 -8 9 -10 17 -12 -13 13 -15 -16 -17 -18 19 -20 24 -22 22 -24 -25 26 -27 27 -29 -30 -31
leaf_value=-0.0005283822987985331 1.3335824539688859e-05 0.00067954601603560151 0.001120917752004144 0.0010865640974952841 -0.0001942065271681973 2.2415914046050798e-05 -0.0014578826036304236 -0.0012264386779861525 0.0022832748410291973 -0.00060096162138506776 -0.00068207468255423011 0.00048009665588324426 -0.00067053962193313059 0.00015188715685023152 0.0011332526733167471 -0.0018374628759920597 -0.0002512477008817119 -0.001077757458178661 0.0015497996332123876 3.7565032835118478e-05 -0.0014167135634290224 0.0012893536482893285 -0.0002575949015983114 0.00013640512945130469 -3.6180677598061823e-05 0.0011381340015213938 0.00097765090328681735 -0.0002904348504420466 0.00052726702071283812 -0.00094293913571164012
leaf_weight=20 38 20 22 20 35 1860 25 32 20 20 40 80 24 36 20 20 28 39 20 20 22 21 38 40 2062 20 23 116 181 38
leaf_count=20 38 20 22 20 35 1860 25 32 20 20 40 80 24 36 20 20 28 39 20 20 22 21 38 40 2062 20 23 116 181 38
internal_value=1.55811e-12 2.12202e-06 0.000419449 -2.96734e-06 -0.000370667 3.11035e-06 -0.000720738 -1.38531e-06 3.51308e-05 -2.95779e-05 1.3514e-05 2.7153e-05 8.6655e-06 -0.000592178 3.42333e-05 -0.00120096 -0.00077135 -1.28462e-05 0.000474419 -2.02854e-05 -0.000315351 -0.000139772 0.000293014 -0.000462992 -1.09407e-06 0.00058785 -1.08287e-05 0.000135193 0.000339213 -0.000218782
internal_weight=5000 4980 60 4920 80 4840 60 4820 2100 2720 2080 2040 1960 80 1880 44 60 2660 40 2620 160 138 59 79 2460 40 2420 358 242 61
internal_count=5000 4980 60 4920 80 4840 60 4820 2100 2720 2080 2040 1960 80 1880 44 60 2660 40 2620 160 138 59 79 2460 40 2420 358 242 61
is_linear=0
shrinkage=0.1


Tree=80
num_leaves=31
num_cat=0
split_feature=3 0 0 0 1 0 0 0 1 0 0 0 2 0 0 0 1 0 0 0 0 0 2 0 0 2 2 1 2 0
split_gain=0.000581091 0.000605857 0.0015049 0.00114446 0.00131141 0.00204748 0.000699519 0.00366254 0.00248714 0.00188572 0.00975944 0.00530023 0.00482975 0.00465539 0.00248358 0.00451752 0.00280334 0.00237194 0.00172605 0.00172259 0.00277075 0.00381832 0.0016392 0.00158912 0.00434759 0.00599225 0.00135127 0.0046631 0.00238793 0.00112798
threshold=1.0000000180025095e-35 0.98135417699813854 0.97540909051895153 0.98563650250434887 1.5000000000000002 0.99384760856628429 0.95702180266380321 0.96441689133644115 1.5000000000000002 0.90345004200935375 0.89767932891845714 0.91075631976127636 2.5000000000000004 0.91795152425766002 0.93083894252777111 0.9470483958721162 1.5000000000000002 0.94513046741485607 0.89312097430229198 0.86536788940429699 0.8542768955230714 0.84834700822830211 2.5000000000000004 0.83201095461845409 0.8388219177722932 3.5000000000000004 3.5000000000000004 1.5000000000000002 1.5000000000000002 0.81167602539062511
decision_type=2 2 2 2 2 2 2 2 2 2 2 2 2 2 2 2 2 2 2 2 2 2 2 2 2 2 2 2 2 2
left_child=1 2 6 -3 5 -5 9 -8 -9 10 18 -11 14 -14 -13 16 -16 -15 19 20 21 23 -22 29 -25 -26 28 -28 -21 -1
right_child=-2 3 -4 4 -6 -7 7 8 -10 11 -12 12 13 17 15 -17 -18 -19 -20 26 22 -23 -24 24 25 -27 27 -29 -30 -31
leaf_value=5.8201782345096422e-05 -3.465452965072446e-05 -0.00076582272950973776 0.00081483793165534738 0.001003846917724745 -0.00061493750174783845 -0.00039415696868672968 -0.0011861688191337246 0.00065418148995377134 -0.00071159820072352886 0.0014044451420321255 -0.0014782527629502639 0.0013032372940668009 -0.0016054964952424847 0.00026212314691489942 0.00040273103901805981 0.0013796609283114472 -0.0012003050085331781 -0.00076301993892317823 0.00096862739417701959 -0.00015931343426927927 0.0001239624991616107 -0.0011410620632684894 0.0012604015351583562 0.0015847955979406835 -0.00093191859933237247 0.0012705494871451742 -0.00076761181038376451 0.00088087657895812303 -0.0014051679223912289 -0.0002771542956618071
leaf_weight=1601 2459 27 25 22 22 20 28 40 20 37 43 36 22 83 24 24 20 31 20 40 22 27 30 25 30 21 37 32 25 107
leaf_count=1601 2459 27 25 22 22 20 28 40 20 37 43 36 22 83 24 24 20 31 20 40 22 27 30 25 30 21 37 32 25 107
internal_value=6.03859e-14 3.35362e-05 4.29469e-05 -0.000219828 1.05136e-05 0.000338131 3.49892e-05 -0.000241789 0.000198922 4.54113e-05 1.2472e-05 0.000290375 0.000118623 -0.000273664 0.000631614 0.000276049 -0.000325922 -1.66438e-05 4.42524e-05 3.49948e-05 5.99034e-05 3.92384e-05 0.0007796 5.71017e-05 0.000504525 -2.502e-05 -0.000311308 -3.09546e-06 -0.000638488 3.71929e-05
internal_weight=5000 2541 2450 91 64 42 2425 88 60 2337 2060 277 240 136 104 68 44 114 2017 1997 1863 1811 52 1784 76 51 134 69 65 1708
internal_count=5000 2541 2450 91 64 42 2425 88 60 2337 2060 277 240 136 104 68 44 114 2017 1997 1863 1811 52 1784 76 51 134 69 65 1708
is_linear=0
shrinkage=0.1


Tree=81
num_leaves=31
num_cat=0
split_feature=3 0 0 2 1 0 2 2 0 0 0 0 0 0 0 0 0 0 0 1 0 0 0 0 0 0 0 0 0 0
split_gain=0.000470683 0.000554718 0.00123649 0.00204642 0.001218 0.00118526 0.000739589 0.000645839 0.00229162 0.00412826 0.00178926 0.00192914 0.00196504 0.00453575 0.00519855 0.00297821 0.00107676 0.00105483 0.00104398 0.000857693 0.000768892 0.00378489 0.0027246 0.00117848 0.000935412 0.00371886 0.00285604 0.00327533 0.00286966 0.00234522
threshold=1.0000000180025095e-35 0.52917867898941051 0.51583248376846325 3.5000000000000004 1.5000000000000002 0.53422278165817272 3.5000000000000004 1.0000000180025095e-35 0.96227243542671215 0.93421936035156261 0.85919630527496349 0.82493799924850475 0.71617025136947643 0.64326518774032604 0.60969197750091564 0.75000432133674633 0.56298932433128368 0.77229654788970958 0.88901787996292125 4.5000000000000009 0.55542752146720897 0.56084686517715465 0.544326812028885 0.56696090102195751 0.58441710472106945 0.59378358721733104 0.62097719311714183 0.61185336112976085 0.6010674536228181 0.58090439438819896
decision_type=2 2 2 2 2 2 2 2 2 2 2 2 2 2 2 2 2 2 2 2 2 2 2 2 2 2 2 2 2 2
left_child=1 2 4 -4 6 -3 -1 8 9 10 11 12 13 14 16 -14 -7 -17 -12 20 22 -22 -9 -23 29 -26 27 28 -27 -25
right_child=-2 5 3 -5 -6 7 -8 19 -10 -11 18 -13 15 -15 -16 17 -18 -19 -20 -21 21 23 -24 24 25 26 -28 -29 -30 -31
leaf_value=0.00065522881656458298 -3.1189077150132327e-05 -0.00057675722125691904 -3.2045433504713913e-05 0.0010200877624906991 -0.00052384094927798621 9.4737032089721083e-05 -0.00015738882856177434 0.00022919421317055822 -0.00063038845431892141 0.0015993540463525625 -0.00083114419819321479 0.0011912389913396467 -0.0012377196324190923 0.0012603349552938155 -0.0011162774703864541 0.000745148970745504 0.0010539786666631699 -0.00021302042770440931 1.4948197307863407e-05 -0.00047109390709649873 0.0011076019205574995 -0.00068546128750313073 -0.0008018282112819483 4.8379626010529817e-05 -0.00096126832549299046 0.00088296963041540472 -6.9750783477344342e-06 0.0012285145720830415 -0.0004581672824525203 0.0012913069518981502
leaf_weight=24 2459 33 36 38 33 22 21 55 33 21 25 21 21 42 28 20 25 27 35 37 32 24 48 63 39 27 1611 41 39 20
leaf_count=24 2459 33 36 38 33 22 21 55 33 21 25 21 21 42 28 20 25 27 35 37 32 24 48 63 39 27 1611 41 39 20
internal_value=-1.10205e-12 3.01826e-05 0.000215416 0.000508239 -6.23901e-05 1.83971e-05 0.000276007 2.67333e-05 0.000158798 0.000249541 0.000142977 0.000282948 0.000179845 0.000428308 -3.76278e-05 -0.000247657 0.000604972 0.000194711 -0.00033759 5.97649e-06 1.48067e-05 2.9262e-05 -0.000251282 1.07497e-05 1.98307e-05 4.33377e-06 2.62537e-05 0.000526549 9.04796e-05 0.00034788
internal_weight=5000 2541 152 74 78 2389 45 2356 320 287 266 206 185 117 75 68 47 47 60 2036 1999 1896 103 1864 1840 1757 1718 107 66 83
internal_count=5000 2541 152 74 78 2389 45 2356 320 287 266 206 185 117 75 68 47 47 60 2036 1999 1896 103 1864 1840 1757 1718 107 66 83
is_linear=0
shrinkage=0.1


Tree=82
num_leaves=31
num_cat=0
split_feature=1 2 2 0 0 3 1 0 2 0 0 0 2 2 0 0 2 2 0 0 0 2 0 0 2 0 0 1 0 1
split_gain=0.000546431 0.0010998 0.00160343 0.000547036 0.00169547 0.000630405 0.00107734 0.00167193 0.000718837 0.00092204 0.000486165 0.00259325 0.00150771 0.00153892 0.00956053 0.00123217 0.00176918 0.000658417 0.00169064 0.00250282 0.00201648 0.00450147 0.00130769 0.00228748 0.0017483 0.00397144 0.00237636 0.00136288 0.00127129 0.00156762
threshold=4.5000000000000009 2.5000000000000004 4.5000000000000009 0.98563650250434887 0.98273369669914257 1.0000000180025095e-35 1.5000000000000002 0.99384760856628429 2.5000000000000004 0.99384760856628429 0.97202536463737499 0.9683339297771455 1.0000000180025095e-35 2.5000000000000004 0.97754392027854931 0.95702180266380321 4.5000000000000009 4.5000000000000009 0.93270072340965282 0.93590679764747631 0.92385751008987438 1.5000000000000002 0.87705254554748546 0.88665375113487255 5.5000000000000009 0.92590162158012401 0.90221279859542858 1.5000000000000002 0.8542768955230714 1.5000000000000002
decision_type=2 2 2 2 2 2 2 2 2 2 2 2 2 2 2 2 2 2 2 2 2 2 2 2 2 2 2 2 2 2
left_child=3 -2 -3 4 10 6 7 -5 -7 -10 11 15 -12 -14 -15 17 -17 18 20 -20 -1 -22 28 -24 26 -26 -25 -27 -19 -30
right_child=1 2 -4 5 -6 8 -8 -9 9 -11 12 -13 13 14 -16 16 -18 22 19 -21 21 -23 23 24 25 27 -28 -29 29 -31
leaf_value=1.9937669201471698e-05 0.00072559065132912607 -0.00051441541832775389 0.00063294758465850642 0.00091549453579566694 0.00066656211475722227 1.3083461453788914e-05 -0.00054991254900497468 -0.0003478096285834909 -0.0011415123767662971 -0.00020442468757253318 0.00053215264289809222 0.00082360588973020448 -0.00090970751097691925 -0.0013098595029642356 0.0013309479664223127 -0.00061171322790739527 0.00043480760318094069 -3.7115221884898326e-05 0.0011968101586847168 0.00016234538937643381 -0.0015859271902590991 0.00020496620891208295 -0.001141172209463548 -0.0011549263070760802 0.00077725925206026175 -0.00096848214614308559 -0.00010450050861935221 3.627513759528046e-05 0.0010627243182777116 -3.8657934471432654e-05
leaf_weight=2977 31 29 21 22 38 24 22 20 21 21 22 38 35 29 26 70 21 1029 28 142 25 32 27 33 49 27 62 27 24 28
leaf_count=2977 31 29 21 22 38 24 22 20 21 21 22 38 35 29 26 70 21 1029 28 142 25 32 27 33 49 27 62 27 24 28
internal_value=1.14203e-12 0.000257619 -3.2523e-05 -4.24215e-06 1.25223e-06 -0.000206647 1.69783e-05 0.000313921 -0.000423495 -0.000672969 -4.06913e-06 9.01321e-07 -0.000209944 -0.000391345 -6.14778e-05 -5.89346e-06 -0.000370208 1.45747e-06 2.58517e-05 0.000332728 8.65695e-06 -0.000580513 -5.83888e-05 -0.000277721 -0.000159977 0.000125399 -0.000469385 -0.000466104 -1.27369e-05 0.000469672
internal_weight=5000 81 50 4919 4789 130 64 42 66 42 4751 4639 112 90 55 4601 91 4510 3204 170 3034 57 1306 225 198 103 95 54 1081 52
internal_count=5000 81 50 4919 4789 130 64 42 66 42 4751 4639 112 90 55 4601 91 4510 3204 170 3034 57 1306 225 198 103 95 54 1081 52
is_linear=0
shrinkage=0.1


Tree=83
num_leaves=31
num_cat=0
split_feature=1 0 0 2 0 2 0 0 0 2 0 0 0 0 0 2 0 0 0 0 0 0 3 0 0 0 0 0 0 0
split_gain=0.000448684 0.000620732 0.001216 0.00139419 0.00118798 0.00268588 0.0007706 0.00083419 0.00165334 0.000569768 0.0014644 0.00191741 0.0100471 0.00502635 0.00392342 0.00356281 0.00326662 0.00302522 0.00319496 0.00244188 0.00574735 0.00257314 0.00359891 0.00242568 0.0017998 0.00171044 0.00169706 0.00286371 0.00221428 0.00158149
threshold=1.5000000000000002 0.50606879591941845 0.51356586813926708 3.5000000000000004 0.52572613954544078 3.5000000000000004 0.52917867898941051 0.53422278165817272 0.53768032789230358 4.5000000000000009 0.57328283786773693 0.74580261111259472 0.72951611876487743 0.71617025136947643 0.76927417516708385 5.5000000000000009 0.69191795587539684 0.93421936035156261 0.95702180266380321 0.92877322435379039 0.89767932891845714 0.82729047536849987 1.0000000180025095e-35 0.70260703563690197 0.7984236776828767 0.55127096176147472 0.65585827827453624 0.66691958904266369 0.62920898199081432 0.5924232304096223
decision_type=2 2 2 2 2 2 2 2 2 2 2 2 2 2 2 2 2 2 2 2 2 2 2 2 2 2 2 2 2 2
left_child=1 -1 3 -3 5 -4 -6 -8 -9 -10 25 12 13 16 -13 19 26 -17 -19 20 21 24 -23 -18 -16 -11 28 -28 29 -12
right_child=-2 2 4 -5 6 -7 7 8 9 10 11 14 -14 -15 15 17 23 18 -20 -21 -22 22 -24 -25 -26 -27 27 -29 -30 -31
leaf_value=-0.00049495330749778084 3.3904971268381226e-05 0.00085193965845092228 -0.00093770120374121995 -0.00020616200286895038 0.00052179252021372895 0.00028337933845543902 -0.00050336989742289819 0.0008074782070859025 3.9936123640551704e-06 -5.5521119194214841e-05 0.00048447938877091347 -0.0011522566296685583 0.0021438905787046834 -0.0014819914580915462 -9.7168566329249503e-05 0.00051504549322752436 0.0015446436882484704 -0.0012822316463469811 0.00025311280006655689 0.00019008502829819917 -0.0018740632045403894 0.0010182952784277776 -0.00072718297707892606 0.00013717353995889426 -0.0012506399483930681 -0.0010741382040578174 -0.0015012403693981469 -5.8085388313470914e-05 0.00074026628044521203 -0.00041042999625066993
leaf_weight=28 2192 33 43 20 26 31 36 24 1813 34 28 39 23 22 24 118 24 23 33 50 29 27 21 25 31 32 20 44 40 67
leaf_count=28 2192 33 43 20 26 31 36 24 1813 34 28 39 23 22 24 118 24 23 33 50 29 27 21 25 31 32 20 44 40 67
internal_value=4.87016e-13 -2.64671e-05 -2.17486e-05 0.000452656 -3.09687e-05 -0.000426167 -1.99455e-05 -2.53072e-05 -1.86649e-05 -2.63888e-05 -9.94437e-05 -5.62797e-05 0.000137553 -3.33568e-05 -0.00020006 -9.5746e-05 9.51512e-05 0.000227797 -0.000377475 -0.000405068 -0.000630504 -0.000280376 0.000254649 0.000826547 -0.000747307 -0.000549396 -8.49412e-05 -0.000509071 0.000116128 -0.000146667
internal_weight=5000 2808 2780 53 2727 74 2653 2627 2591 2567 754 688 293 270 395 356 248 174 56 182 132 103 48 49 55 66 199 64 135 95
internal_count=5000 2808 2780 53 2727 74 2653 2627 2591 2567 754 688 293 270 395 356 248 174 56 182 132 103 48 49 55 66 199 64 135 95
is_linear=0
shrinkage=0.1


Tree=84
num_leaves=31
num_cat=0
split_feature=1 0 0 0 0 0 3 2 2 0 0 0 0 0 2 2 2 0 1 0 0 0 0 0 0 0 0 0 0 0
split_gain=0.000429758 0.000908809 0.00186514 0.000467282 0.00134361 0.00051935 0.000509263 0.000987877 0.000590267 0.000751568 0.000442176 0.0011468 0.00207152 0.00103241 0.00139098 0.000451015 0.00157191 0.00254646 0.000998544 0.00126345 0.000936893 0.000766613 0.00307269 0.00232094 0.00133241 0.00351703 0.00601002 0.00153354 0.00413303 0.00723254
threshold=4.5000000000000009 0.78904280066490184 0.65322408080101024 0.98563650250434887 0.98273369669914257 0.97893097996711742 1.0000000180025095e-35 3.5000000000000004 2.5000000000000004 0.99384760856628429 0.97540909051895153 0.97202536463737499 0.9683339297771455 0.95702180266380321 4.5000000000000009 4.5000000000000009 3.5000000000000004 0.93421936035156261 3.5000000000000004 0.52783659100532543 0.94513046741485607 0.51005226373672496 0.5197696089744569 0.53422278165817272 0.544326812028885 0.56518462300300609 0.55938175320625316 0.62097719311714183 0.64097231626510631 0.65322408080101024
decision_type=2 2 2 2 2 2 2 2 2 2 2 2 2 2 2 2 2 2 2 2 2 2 2 2 2 2 2 2 2 2
left_child=3 2 -2 4 5 10 7 -5 -8 -10 11 12 13 15 -15 16 -1 18 19 -18 21 -17 -23 -24 -25 26 -26 -27 -29 -30
right_child=1 -3 -4 6 -6 -7 8 -9 9 -11 -12 -13 -14 14 -16 20 17 -19 -20 -21 -22 22 23 24 25 27 -28 28 29 -31
leaf_value=-1.362689445641492e-05 0.00058746028807945552 0.000642959452852665 -0.00064671755279414357 -0.00037062776726529459 0.00059357875204449036 -0.00037661227712256683 9.8802208109797611e-06 0.00041551896400990026 -0.0010348171835565675 -0.00018877974362112583 0.00033924917347337072 -0.00055777379343084795 0.000736473962100909 -0.00055252228564183631 0.0003754234573404704 -0.00054127909664610592 0.00067230002476005926 0.0012707832059822978 0.00069820894739301557 6.1587993024044441e-05 -0.00053696768748187954 0.00087643578220662234 -0.00080759514392598369 0.00051645026092459877 -1.4509463549724648e-05 0.00029361790015624726 -0.0021543832396024041 -0.00095559255338836617 0.0014496550157976648 -5.9816450828955112e-05
leaf_weight=2545 24 32 25 33 38 37 24 31 21 21 38 37 38 70 21 29 36 20 29 574 38 37 39 44 35 149 21 48 33 833
leaf_count=2545 24 32 25 33 38 37 24 31 21 21 38 37 38 70 21 29 36 20 29 574 38 37 39 44 35 149 21 48 33 833
internal_value=-1.20715e-12 0.000228467 -4.22223e-05 -3.76211e-06 1.31598e-06 -3.42113e-06 -0.000190831 1.01621e-05 -0.000385733 -0.000611798 -4.91964e-07 -3.25291e-06 1.16987e-06 -4.90306e-06 -0.000338381 1.82565e-06 2.20155e-05 0.000159663 0.000124886 9.763e-05 -4.77059e-05 -3.30435e-05 -2.11477e-05 -4.87772e-05 -2.3331e-05 -4.45556e-05 -0.000816962 -3.86441e-06 -5.23599e-05 -2.29618e-06
internal_weight=5000 81 49 4919 4789 4751 130 64 66 42 4714 4676 4639 4601 91 4510 3204 659 639 610 1306 1268 1239 1202 1163 1119 56 1063 914 866
internal_count=5000 81 49 4919 4789 4751 130 64 66 42 4714 4676 4639 4601 91 4510 3204 659 639 610 1306 1268 1239 1202 1163 1119 56 1063 914 866
is_linear=0
shrinkage=0.1


Tree=85
num_leaves=31
num_cat=0
split_feature=0 0 1 0 2 1 0 1 0 0 0 0 0 0 2 2 0 0 0 2 2 0 0 0 0 2 0 2 0 2
split_gain=0.000377415 0.000908483 0.0014429 0.0011132 0.00243942 0.00177481 0.00167247 0.000364618 0.00134329 0.000938221 0.00123266 0.000902694 0.00101494 0.00179251 0.0017336 0.00111322 0.000792381 0.00378854 0.00124832 0.00151846 0.00277224 0.00264896 0.00334148 0.00383874 0.00218912 0.0014409 0.00135552 0.00123861 0.00685458 0.00526463
threshold=0.50263577699661266 0.50811097025871288 1.5000000000000002 0.51583248376846325 1.5000000000000002 1.5000000000000002 0.51830527186393749 1.0000000180025095e-35 0.52783659100532543 0.97540909051895153 0.98563650250434887 0.96227243542671215 0.93083894252777111 0.91075631976127636 1.5000000000000002 2.5000000000000004 0.67757901549339306 0.68988433480262767 0.66691958904266369 5.5000000000000009 2.5000000000000004 0.62920898199081432 0.59731158614158641 0.55542752146720897 0.5924232304096223 1.5000000000000002 0.61553892493247997 1.5000000000000002 0.75156718492507946 2.5000000000000004
decision_type=2 2 2 2 2 2 2 2 2 2 2 2 2 2 2 2 2 2 2 2 2 2 2 2 2 2 2 2 2 2
left_child=-1 2 -2 4 -3 -6 -5 8 -8 11 -11 12 13 16 -14 -15 18 -18 19 20 25 22 23 -22 -21 26 -10 28 -19 -29
right_child=1 3 -4 6 5 -7 7 -9 9 10 -12 -13 14 15 -16 -17 17 27 -20 24 21 -23 -24 -25 -26 -27 -28 29 -30 -31
leaf_value=-0.00043353507993742823 1.5378100062279325e-05 0.00058348360063973813 0.0010330085134641692 0.0009157067528576591 -0.00023211255436763169 -0.0013352950740372763 -0.00080828824809387975 1.3974314587543961e-05 0.00039692122768610722 -0.00087275899403418109 3.3757281974734119e-05 0.00060694910201203572 0.00029537665920898967 9.8764977446990092e-05 -0.00078021739895501566 0.0011296008099717174 -0.0014241752968657585 -0.001612140668270689 0.0007043731393059716 7.3340675464413812e-05 -0.00031304162275046113 0.0012495340051827952 -0.0006319790802081116 0.0013093887003404756 -0.0012865958076145037 -0.00058340563523498457 -0.00047211142747463397 0.0008118147171482864 0.00011704590787386142 -0.00014547428967175152
leaf_weight=20 38 20 22 20 35 25 23 3758 50 30 30 23 23 20 43 22 21 31 30 29 25 32 32 35 20 55 28 71 88 301
leaf_count=20 38 20 22 20 35 25 23 3758 50 30 30 23 23 20 43 22 21 31 30 29 25 32 32 35 20 55 28 71 88 301
internal_value=-1.70144e-12 1.7411e-06 0.000388509 -2.97558e-06 -0.000372958 -0.000691772 3.13983e-06 -6.46754e-07 -5.2385e-05 -3.56518e-05 -0.000419501 -1.21268e-05 -2.70209e-05 1.03788e-06 -0.000405389 0.000638727 -3.05458e-05 -0.000108853 8.87801e-05 2.84278e-05 0.000125696 0.000465841 0.000193253 0.000633376 -0.000481735 -0.000191431 8.49608e-05 -5.25972e-05 -0.000333414 3.72341e-05
internal_weight=5000 4980 60 4920 80 60 4840 4820 1062 1039 60 979 956 890 66 42 848 512 336 306 257 124 92 60 49 133 78 491 119 372
internal_count=5000 4980 60 4920 80 60 4840 4820 1062 1039 60 979 956 890 66 42 848 512 336 306 257 124 92 60 49 133 78 491 119 372
is_linear=0
shrinkage=0.1


Tree=86
num_leaves=31
num_cat=0
split_feature=2 2 0 0 0 1 3 0 0 2 0 0 0 0 0 0 0 0 0 2 2 0 0 0 0 0 0 0 0 3
split_gain=0.000342815 0.00117691 0.000926092 0.00570412 0.00217957 0.00116356 0.00104247 0.000801988 0.0021253 0.00153002 0.00281426 0.00183772 0.000952485 0.00090899 0.00389565 0.00361872 0.00235402 0.00179467 0.00164535 0.00298865 0.00121903 0.00120762 0.0041281 0.00517688 0.0031904 0.00409195 0.00279228 0.00336411 0.00301096 0.00250715
threshold=3.5000000000000004 4.5000000000000009 0.97017219662666332 0.96227243542671215 0.97893097996711742 4.5000000000000009 1.0000000180025095e-35 0.87705254554748546 0.88665375113487255 5.5000000000000009 0.91075631976127636 0.90221279859542858 0.93913727998733532 0.77833533287048351 0.78904280066490184 0.7478417456150056 0.75748476386070263 0.72951611876487743 0.71617025136947643 5.5000000000000009 5.5000000000000009 0.66691958904266369 0.65585827827453624 0.64097231626510631 0.62097719311714183 0.61361229419708263 0.6791571080684663 0.68988433480262767 0.69611546397209179 1.0000000180025095e-35
decision_type=2 2 2 2 2 2 2 2 2 2 2 2 2 2 2 2 2 2 2 2 2 2 2 2 2 2 2 2 2 2
left_child=-1 -2 3 5 -4 7 -6 13 -9 11 -11 -10 -13 15 -15 17 -17 18 21 -20 -18 22 23 24 25 -3 -23 -28 -29 -26
right_child=1 2 4 -5 6 -7 -8 8 9 10 -12 12 -14 14 -16 16 20 -19 19 -21 -22 26 -24 -25 29 -27 27 28 -30 -31
leaf_value=-2.3078524156495254e-05 0.00013103265131663417 -7.3005593978009678e-05 -0.0011756143259370458 0.0016725129476981239 -0.00051229481305927035 0.00072808772558346395 0.00034379216941129981 -0.001043136979461889 -0.00099130138476153447 0.00096617046585907378 -0.00016655263337694729 0.00020983150267013463 -0.00057988409122723781 0.0013162239006935406 3.1735420592037726e-05 -0.001587548829792511 -0.0007943915763034431 0.00066680791933322332 0.00023218333455068724 -0.0014356427444991741 5.8804312720894815e-05 0.0009572804279048882 -0.001121907077921445 0.0011216702106862497 -0.00018529973839087269 0.0012793917043988283 -0.0011072283769449727 0.0013538906443864107 -4.1912759736399444e-05 -0.0016357840155251325
leaf_weight=2814 752 330 23 20 25 20 33 27 33 31 75 42 24 26 257 21 34 40 21 22 33 42 34 39 26 24 22 20 68 22
leaf_count=2814 752 330 23 20 25 20 33 27 33 31 75 42 24 26 257 21 34 40 21 22 33 42 34 39 26 24 22 20 68 22
internal_value=7.64139e-13 2.97086e-05 -2.34265e-05 -3.76365e-06 -0.000351869 -2.89141e-05 -2.52108e-05 -4.0445e-05 -0.000209147 -9.93044e-05 0.000164715 -0.000381992 -7.73378e-05 -4.23879e-06 0.000149745 -5.88471e-05 -0.000663719 1.6123e-05 -2.27239e-05 -0.000621123 -0.000374161 1.83147e-05 -6.0192e-05 2.16636e-05 -8.50534e-05 1.86824e-05 0.000263648 -1.19345e-06 0.000275315 -0.000850105
internal_weight=5000 2186 1434 1353 81 1333 58 1313 232 205 106 99 66 1081 283 798 88 710 670 43 67 627 475 441 402 354 152 110 88 48
internal_count=5000 2186 1434 1353 81 1333 58 1313 232 205 106 99 66 1081 283 798 88 710 670 43 67 627 475 441 402 354 152 110 88 48
is_linear=0
shrinkage=0.1


Tree=87
num_leaves=31
num_cat=0
split_feature=2 0 0 0 0 0 1 0 0 0 0 0 0 0 0 1 0 0 0 0 0 0 0 0 3 2 0 1 0 0
split_gain=0.000340433 0.000802442 0.000998359 0.0064147 0.00500969 0.00274352 0.00165906 0.000857693 0.00257998 0.00312004 0.00334815 0.00410349 0.00154374 0.00307482 0.00154423 0.00134629 0.00157739 0.0018317 0.00210067 0.00138931 0.000764582 0.00127856 0.00266628 0.00123377 0.000739489 0.000607909 0.00111401 0.00177972 0.00101826 0.00802601
threshold=1.0000000180025095e-35 0.52917867898941051 0.67384517192840587 0.65585827827453624 0.6370939612388612 0.71266618371009838 1.5000000000000002 0.74367412924766552 0.7637692689895631 0.78522416949272167 0.80579611659049999 0.82493799924850475 0.86171594262123119 0.8805164396762849 0.89767932891845714 1.5000000000000002 0.92385751008987438 0.9470483958721162 0.9683339297771455 0.95017054677009594 0.61361229419708263 0.58856511116027843 0.56929969787597667 0.55127096176147472 1.0000000180025095e-35 3.5000000000000004 0.99204844236373912 4.5000000000000009 0.53558674454689037 0.5392587184906007
decision_type=2 2 2 2 2 2 2 2 2 2 2 2 2 2 2 2 2 2 2 2 2 2 2 2 2 2 2 2 2 2
left_child=1 -1 3 4 20 6 -4 -7 -9 -10 -11 -12 24 -14 -15 16 -16 -18 -19 -17 21 22 23 -3 -13 26 27 -2 -27 -30
right_child=25 2 5 -5 -6 7 -8 8 9 10 11 12 13 14 15 19 17 18 -20 -21 -22 -23 -24 -25 -26 28 -28 -29 29 -31
leaf_value=0.00050036335014738145 -4.4833770214331959e-05 -0.00036981589913081668 0.00025804685170037879 -0.0017602458633270792 0.0015005299746657589 -0.00042236765592334498 0.0013885730942711236 0.00090637773289071295 -0.0011064387489265451 0.0012379270138057031 -0.0013975428539561108 0.0010167417433959518 -0.0010285331677921392 0.00081274873335604328 0.00092538712488021702 -0.00079981770857771427 -0.00077309243709102957 0.0011210447945632039 -0.00017776180567593796 0.00018219437077641489 -0.00057659957938912241 0.00052778995615274961 -0.0011721945772561332 0.00057884950596229017 0.00025344114771238917 0.00026404727701708386 0.00057833813745154273 -0.00077423702890989856 -0.0019376684290667375 2.7549455025145143e-05
leaf_weight=40 2074 26 27 22 21 38 25 34 24 23 20 22 27 27 24 34 22 20 33 25 33 30 22 29 30 167 28 34 21 1998
leaf_count=40 2074 26 27 22 21 38 25 34 24 23 20 22 27 27 24 34 22 20 33 25 33 30 22 29 30 167 28 34 21 1998
internal_value=-1.99932e-12 6.58808e-05 3.86405e-05 -0.000158608 6.02496e-05 0.000117973 0.000801569 2.97674e-05 7.6839e-05 -8.37046e-06 7.7472e-05 -1.65085e-05 8.81153e-05 -3.16467e-05 0.000113845 -5.58816e-06 0.000219758 -6.0437e-06 0.000312354 -0.000383711 -0.000155792 -2.60108e-05 -0.000241777 0.000130389 0.000576376 -1.03348e-05 -4.82752e-05 -5.65983e-05 2.67377e-05 7.10885e-06
internal_weight=5000 678 638 183 161 455 52 403 365 331 307 284 264 212 185 158 99 75 53 59 140 107 77 55 52 4322 2136 2108 2186 2019
internal_count=5000 678 638 183 161 455 52 403 365 331 307 284 264 212 185 158 99 75 53 59 140 107 77 55 52 4322 2136 2108 2186 2019
is_linear=0
shrinkage=0.1


Tree=88
num_leaves=31
num_cat=0
split_feature=0 0 0 0 0 0 0 0 0 2 1 0 0 0 0 3 0 0 0 0 0 1 2 1 2 0 0 0 3 2
split_gain=0.000359619 0.000509748 0.000520121 0.00115265 0.000561522 0.000490726 0.00151399 0.00155207 0.00120713 0.000823539 0.000498812 0.00319877 0.00346679 0.0022279 0.00114999 0.00115723 0.000788309 0.00486777 0.00323723 0.00461951 0.00305963 0.00378966 0.00546739 0.00340699 0.00570204 0.00249886 0.00140335 0.00303496 0.00311831 0.00653878
threshold=0.99602460861206066 0.99204844236373912 0.98563650250434887 0.98273369669914257 0.97893097996711742 0.97540909051895153 0.97202536463737499 0.9683339297771455 0.95702180266380321 4.5000000000000009 1.5000000000000002 0.94858148694038402 0.94324612617492687 0.95017054677009594 0.94108602404594432 1.0000000180025095e-35 0.7765195667743684 0.78288164734840404 0.72027656435966503 0.71617025136947643 0.72722959518432628 2.5000000000000004 3.5000000000000004 3.5000000000000004 3.5000000000000004 0.7478417456150056 0.78904280066490184 0.81167602539062511 1.0000000180025095e-35 3.5000000000000004
decision_type=2 2 2 2 2 2 2 2 2 2 2 2 2 2 2 2 2 2 2 2 2 2 2 2 2 2 2 2 2 2
left_child=1 2 3 4 5 6 7 8 10 -10 13 12 16 14 -1 -16 18 -18 19 -12 -20 22 25 24 -23 -22 -19 28 29 -28
right_child=-2 -3 -4 -5 -6 -7 -8 -9 9 -11 11 -13 -14 -15 15 -17 17 26 20 -21 21 23 -24 -25 -26 -27 27 -29 -30 -31
leaf_value=-2.2649478921142306e-05 -0.00030645922953753094 0.00036719881693562982 -0.00030079012565118704 0.00055164771413393813 -0.000384160422867066 0.00035969881941319299 -0.0006297678888873442 0.00064048576168715963 -0.00052043277290876079 0.00016691072175846152 3.9923347301323338e-05 0.0010860102716833354 -0.0012499229539008369 -0.00082723124009242066 0.00083045050996588543 -6.772652089309234e-05 0.0013286073670315092 -0.00065298742399765898 -0.001324438034290714 0.0015755757503211499 0.0014737414575561329 -0.0022299001157214796 -0.00061949291320396939 0.00016804568736848455 -0.00015506125861205734 0.00024629132659715968 0.0023045907842461021 4.6993279402420424e-06 8.1221278524026285e-05 6.0201622976887011e-05
leaf_weight=2474 38 38 57 38 38 38 38 38 72 23 953 29 21 34 32 26 32 26 28 20 27 27 54 27 26 43 25 591 60 27
leaf_count=2474 38 38 57 38 38 38 38 38 72 23 953 29 21 34 32 26 32 26 28 20 27 27 54 27 26 43 25 591 60 27
internal_value=-4.8356e-13 2.34693e-06 -4.68746e-07 3.04848e-06 -1.26852e-06 1.7684e-06 -1.09323e-06 3.9735e-06 -1.19808e-06 -0.000354023 6.11715e-06 4.33412e-05 2.81236e-05 -2.31283e-05 -1.23307e-05 0.000427819 4.17752e-05 0.000121457 -8.5465e-06 7.14887e-05 -0.000344211 -0.00020967 0.000136524 -0.000746271 -0.00121205 0.000719736 6.84679e-05 9.51505e-05 0.000572442 0.00113923
internal_weight=5000 4962 4924 4867 4829 4791 4753 4715 4677 95 4582 2016 1987 2566 2532 58 1966 761 1205 973 232 204 124 80 53 70 729 703 112 52
internal_count=5000 4962 4924 4867 4829 4791 4753 4715 4677 95 4582 2016 1987 2566 2532 58 1966 761 1205 973 232 204 124 80 53 70 729 703 112 52
is_linear=0
shrinkage=0.1


Tree=89
num_leaves=31
num_cat=0
split_feature=1 2 0 0 1 2 0 2 0 0 0 2 0 0 2 1 0 0 0 0 0 0 0 2 0 3 0 1 0 0
split_gain=0.000350526 0.00103399 0.00123189 0.000408984 0.000518267 0.00248375 0.000346414 0.00128834 0.000764558 0.000382748 0.00497691 0.00539884 0.00341571 0.00375387 0.00217813 0.00185384 0.000878732 0.000880958 0.00101571 0.00215788 0.00128181 0.00442433 0.00364041 0.00149357 0.0032665 0.00248593 0.000921906 0.00373417 0.00215802 0.00328302
threshold=4.5000000000000009 2.5000000000000004 0.74367412924766552 0.99023422598838817 1.5000000000000002 3.5000000000000004 0.98273369669914257 4.5000000000000009 0.98563650250434887 0.68406257033348095 0.67384517192840587 1.5000000000000002 0.68988433480262767 0.69191795587539684 3.5000000000000004 1.5000000000000002 0.67062306404113781 0.66691958904266369 0.65763244032859813 0.66231542825698864 0.6390553116798402 0.63561132550239574 0.64326518774032604 1.5000000000000002 0.64741504192352306 1.0000000180025095e-35 0.62342023849487316 2.5000000000000004 0.61185336112976085 0.60969197750091564
decision_type=2 2 2 2 2 2 2 2 2 2 2 2 2 2 2 2 2 2 2 2 2 2 2 2 2 2 2 2 2 2
left_child=3 -2 -3 6 5 -5 9 8 -8 10 16 -12 14 -14 -11 -13 17 18 20 -20 21 26 -22 -24 -25 -26 28 -28 29 -1
right_child=1 2 -4 4 -6 -7 7 -9 -10 12 11 15 13 -15 -16 -17 -18 -19 19 -21 22 -23 23 24 25 -27 27 -29 -30 -31
leaf_value=1.457560686512782e-05 0.00066008753924360198 0.00040189842805445487 -0.00059162505009832493 -0.00068212617198727893 -0.0005150014308414289 0.00062666420166477058 0.00096369119869037115 -0.00032313192288191726 0.00015539095969870688 -0.00034327834989362138 0.0019600660840156845 -4.902004982474918e-05 0.0013555112588801424 -1.9316167688213253e-05 -0.0016268514620605857 0.0010492297892183574 -0.00048190921278498878 0.00046805693174974296 -0.00087284281747997735 0.00017251376934254017 0.0011174216090391079 -0.001057888063369319 0.00056517324850869342 -0.0010311593729702216 0.00086915986912865803 -0.00033753170068130683 2.7822648044875878e-05 -0.0013712576221829901 0.00043939383267111955 -0.0012782020473969171
leaf_weight=1103 31 26 24 29 35 29 22 28 25 39 26 51 20 2841 20 22 38 40 40 39 39 40 37 31 31 38 93 24 119 20
leaf_count=1103 31 26 24 29 35 29 22 28 25 39 26 51 20 2841 20 22 38 40 40 39 39 40 37 31 31 38 93 24 119 20
internal_value=1.06942e-12 0.000206334 -7.49928e-05 -3.39766e-06 -0.000211112 -2.7731e-05 6.05135e-07 0.000213844 0.000533744 -2.76108e-06 3.30825e-05 0.000722674 -2.52369e-05 -9.70535e-06 -0.000778388 0.000281959 -6.33416e-06 4.33399e-06 -6.88059e-06 -0.000356781 1.067e-05 -2.13277e-05 0.000265015 2.23593e-05 -0.000178482 0.000204605 9.18178e-06 -0.000259168 3.44611e-05 -8.44804e-06
internal_weight=5000 81 50 4919 93 58 4826 75 47 4751 1831 99 2920 2861 59 73 1732 1694 1654 79 1575 1399 176 137 100 69 1359 117 1242 1123
internal_count=5000 81 50 4919 93 58 4826 75 47 4751 1831 99 2920 2861 59 73 1732 1694 1654 79 1575 1399 176 137 100 69 1359 117 1242 1123
is_linear=0
shrinkage=0.1


Tree=90
num_leaves=31
num_cat=0
split_feature=0 0 0 0 0 0 0 0 0 0 0 3 0 0 0 3 0 0 2 1 0 0 2 2 0 0 0 1 0 3
split_gain=0.000327567 0.000673296 0.0012539 0.000982621 0.0021495 0.00130971 0.0010203 0.000295598 0.00556826 0.00458873 0.00393226 0.00310092 0.00231211 0.00225273 0.00302241 0.00144795 0.000984624 0.00329893 0.0048005 0.00582901 0.00161249 0.00758945 0.00213379 0.00347143 0.00212954 0.00194495 0.00534034 0.001136 0.00096053 0.00165483
threshold=0.50263577699661266 0.50811097025871288 0.50606879591941845 0.51583248376846325 0.51356586813926708 0.51830527186393749 0.51005226373672496 0.6791571080684663 0.67384517192840587 0.68115732073783886 0.68406257033348095 1.0000000180025095e-35 0.67252513766288768 0.68988433480262767 0.69191795587539684 1.0000000180025095e-35 0.70644858479499828 0.70260703563690197 3.5000000000000004 1.5000000000000002 0.72517535090446483 0.72286108136177074 1.5000000000000002 5.5000000000000009 0.73132464289665233 0.71818515658378612 0.71448460221290599 1.5000000000000002 0.69890749454498302 1.0000000180025095e-35
decision_type=2 2 2 2 2 2 2 2 2 2 2 2 2 2 2 2 2 2 2 2 2 2 2 2 2 2 2 2 2 2
left_child=-1 2 -2 4 6 -5 -3 8 12 -9 -11 -10 -7 15 -15 -12 17 18 28 -20 21 22 -18 25 27 26 -24 -22 29 -16
right_child=1 3 -4 5 -6 7 -8 9 11 10 13 -13 -14 14 16 -17 20 -19 19 -21 24 -23 23 -25 -26 -27 -28 -29 -30 -31
leaf_value=-0.00040389155969023705 1.1332815338391813e-05 -0.00063395570352440698 0.0009810878190910444 0.00081086521095130593 -0.0012478548428043724 1.2229942479349959e-05 0.00024081505602225662 -0.0015277729951776566 0.00015790854811432208 0.00138947237697721 -0.0011857992674497208 0.001608665898161502 -0.001069841077842284 0.0012199601679458282 -0.00026614091447776277 -0.00019445248410514016 -0.00054213042901612302 -0.0010413383750710636 0.0014449242502450944 -0.00062116358154030017 -0.001015387527877465 0.0021264266443904493 0.00020046626346551682 -0.00068948534982545039 -5.9300643313680414e-06 -0.00018215773937602838 0.0020960924051114885 -0.00014319960235817625 -5.4470579405980455e-05 -0.0015371348058397416
leaf_weight=20 40 20 20 20 20 1560 40 20 26 20 26 34 20 20 21 34 43 40 36 22 32 20 42 28 2660 24 23 28 21 20
leaf_count=20 40 20 20 20 20 1560 40 20 26 20 26 34 20 20 21 34 43 40 36 22 32 20 42 28 2660 24 23 28 21 20
internal_value=1.70864e-12 1.62206e-06 0.000334584 -2.43846e-06 -0.000350045 3.3071e-06 -5.07752e-05 -4.37603e-08 3.44403e-05 -1.7828e-05 -8.2714e-06 0.000980004 -1.46716e-06 -1.71742e-05 -5.35224e-06 -0.000624036 -1.33608e-05 -0.000254859 7.30114e-06 0.000661236 -3.67943e-08 0.000289829 6.02545e-05 0.000281644 -1.92191e-05 0.000587168 0.000871226 -0.000608366 -0.000604444 -0.000886138
internal_weight=5000 4980 60 4920 80 4840 60 4820 1640 3180 3160 60 1580 3140 3080 60 3060 160 120 58 2900 180 160 117 2720 89 65 60 62 41
internal_count=5000 4980 60 4920 80 4840 60 4820 1640 3180 3160 60 1580 3140 3080 60 3060 160 120 58 2900 180 160 117 2720 89 65 60 62 41
is_linear=0
shrinkage=0.1


Tree=91
num_leaves=31
num_cat=0
split_feature=1 2 0 0 0 0 0 1 0 3 2 2 1 0 2 0 2 1 0 0 0 0 2 0 0 0 2 0 2 0
split_gain=0.000341041 0.000542998 0.00318903 0.00523205 0.00603926 0.00188163 0.00751342 0.00385005 0.00381756 0.00602255 0.00367941 0.00316385 0.0027899 0.00261927 0.00890927 0.00396459 0.003238 0.00513727 0.0030585 0.00776621 0.00534922 0.00278123 0.00221096 0.00210037 0.00231579 0.00196437 0.00236117 0.00189863 0.00244439 0.00373733
threshold=1.5000000000000002 1.5000000000000002 0.99204844236373912 0.97893097996711742 0.9663703739643098 0.795131415128708 0.80979430675506603 4.5000000000000009 0.85702133178710949 1.0000000180025095e-35 3.5000000000000004 4.5000000000000009 2.5000000000000004 0.6791571080684663 2.5000000000000004 0.74367412924766552 5.5000000000000009 3.5000000000000004 0.74163156747818004 0.76092571020126354 0.78288164734840404 0.71617025136947643 2.5000000000000004 0.92877322435379039 0.89578428864479076 0.95304951071739208 4.5000000000000009 0.66400557756423961 5.5000000000000009 0.50811097025871288
decision_type=2 2 2 2 2 2 2 2 2 2 2 2 2 2 2 2 2 2 2 2 2 2 2 2 2 2 2 2 2 2
left_child=-1 -2 3 4 5 13 -7 8 9 11 -11 -8 -12 27 15 -15 17 18 21 -20 -21 -16 23 24 -10 26 -24 28 29 -3
right_child=1 2 -4 -5 -6 6 7 -9 22 10 12 -13 -14 14 16 -17 -18 -19 19 20 -22 -23 25 -25 -26 -27 -28 -29 -30 -31
leaf_value=-2.3074906160148921e-05 0.00010962103541895009 0.0011935343584892426 -0.0012254796722637757 0.0011298031448216245 -0.0012947619834449142 0.0012712992734106427 -0.00059611739167545852 0.0013989602052606642 -0.00072620338876731698 -0.00064896748517639935 0.0014954677078397559 -0.0019657893799236402 -4.5784810335253895e-05 -0.0020317010757733242 -0.00014275264568693405 -0.00050192587368655948 -0.00057015695215557655 0.0012520076593823938 -0.0018230561881550944 0.0010541503606814771 -0.0010129254577415331 0.00093374473563883275 0.00053918070689013063 -0.0012060816003941 0.00077734452317513181 0.0010498934631956922 -9.8483871479993854e-05 0.00076733105771482869 0.00051130186801033454 -0.00014346278232957554
leaf_weight=2808 611 22 21 41 36 55 48 20 20 32 24 26 23 36 56 32 84 36 29 31 21 42 110 20 21 31 123 36 84 421
leaf_count=2808 611 22 21 41 36 55 48 20 20 32 24 26 23 36 56 32 84 36 29 31 21 42 110 20 21 31 123 36 84 421
internal_value=1.48298e-12 2.95595e-05 -1.38147e-06 1.50968e-05 -1.49908e-05 1.60758e-05 0.000162151 3.96543e-05 -1.72204e-05 -0.000429104 0.000178117 -0.00107735 0.000741238 -7.07837e-05 -0.000278643 -0.00131181 -4.36762e-05 0.000162019 -5.71971e-05 -0.000511869 0.00021937 0.000318603 0.000176682 -0.000365926 4.39065e-05 0.000302057 0.000202559 6.47126e-05 1.67159e-05 -7.70656e-05
internal_weight=5000 2192 1581 1560 1519 1483 553 498 478 153 79 74 47 930 367 68 299 215 179 81 52 98 325 61 41 264 233 563 527 443
internal_count=5000 2192 1581 1560 1519 1483 553 498 478 153 79 74 47 930 367 68 299 215 179 81 52 98 325 61 41 264 233 563 527 443
is_linear=0
shrinkage=0.1


Tree=92
num_leaves=31
num_cat=0
split_feature=3 0 0 0 0 0 2 0 0 2 2 2 0 0 0 0 0 0 0 0 0 0 2 0 0 1 1 0 0 0
split_gain=0.00034495 0.000666496 0.00166555 0.00227868 0.00212734 0.00314666 0.0015715 0.00224211 0.00152505 0.00137022 0.00113702 0.000825007 0.000798381 0.00326028 0.00317236 0.00105684 0.00440683 0.0015693 0.000902366 0.00484071 0.00513559 0.00487572 0.00237434 0.00691801 0.00532228 0.00588013 0.00295103 0.00629043 0.00165703 0.00291056
threshold=1.0000000180025095e-35 0.52383488416671764 0.54247352480888378 0.53422278165817272 0.57328283786773693 0.57960009574890148 3.5000000000000004 0.56696090102195751 0.51830527186393749 5.5000000000000009 1.5000000000000002 4.5000000000000009 0.58856511116027843 0.59378358721733104 0.58441710472106945 0.60740214586257946 0.60290887951850902 0.61361229419708263 0.66231542825698864 0.67757901549339306 0.67384517192840587 0.6686999797821046 2.5000000000000004 0.65322408080101024 0.63062384724617015 1.5000000000000002 1.5000000000000002 0.62659350037574779 0.70881193876266491 0.72517535090446483
decision_type=2 2 2 2 2 2 2 2 2 2 2 2 2 2 2 2 2 2 2 2 2 2 2 2 2 2 2 2 2 2
left_child=-1 8 3 10 6 -6 7 -4 -2 -8 -3 -5 14 -14 -7 16 -15 -17 22 20 21 -20 24 26 -19 -26 27 -24 -21 -30
right_child=1 2 4 11 5 12 9 -9 -10 -11 -12 -13 13 15 -16 17 -18 18 19 28 -22 -23 23 -25 25 -27 -28 -29 29 -31
leaf_value=2.5838670783252046e-05 -6.1596626205465192e-05 0.00052991708333138376 0.00022766398340040309 0.0005307995891026049 0.00091912290243069752 0.00034664979186625435 -0.0012327788189533308 -0.00093072791205486285 -0.00090236898873367216 -0.00025129596982151271 -0.00042562622111290698 0.0013781846483470871 0.0010385252013481382 0.00017251215296057172 -0.0012477001796166102 0.00065663726863396518 -0.0016532393597299235 0.0012995671834154377 0.0010622525517343699 -0.00035168046872672827 0.0020418592427052895 -0.00066390035654573395 -0.00083687076157030582 -0.0019836468093599249 -0.0012101371230424515 0.00069776263864090046 -0.00069522233366464768 0.0012294110355843954 0.00056528700585757575 -4.5044458292172547e-05
leaf_weight=2541 94 20 55 27 36 26 33 24 28 25 33 20 29 39 24 34 20 29 36 157 22 30 26 25 35 30 52 34 83 1333
leaf_count=2541 94 20 55 27 36 26 33 24 28 25 33 20 29 39 24 34 20 29 36 157 22 30 26 25 35 30 52 34 83 1333
internal_value=-7.83016e-13 -2.67003e-05 -1.48052e-05 0.00038448 -3.26543e-05 -7.74646e-06 -0.000414453 -0.000124253 -0.000254561 -0.000809726 -6.50438e-05 0.000891389 -2.39128e-05 -1.41132e-05 -0.000418638 -2.94918e-05 -0.000446387 -1.67209e-05 -2.88214e-05 -3.067e-06 0.000718693 0.000277638 -0.000214008 -0.000479572 0.000173038 -0.000329568 -0.000143841 0.000334022 -4.34452e-05 -9.26938e-06
internal_weight=5000 2459 2337 100 2237 2100 137 79 122 58 53 47 2064 2014 50 1985 59 1926 1892 1661 88 66 231 137 94 65 112 60 1573 1416
internal_count=5000 2459 2337 100 2237 2100 137 79 122 58 53 47 2064 2014 50 1985 59 1926 1892 1661 88 66 231 137 94 65 112 60 1573 1416
is_linear=0
shrinkage=0.1


Tree=93
num_leaves=31
num_cat=0
split_feature=0 0 2 0 2 1 0 0 0 2 0 0 0 1 0 0 0 0 0 0 0 0 0 2 0 1 0 0 0 0
split_gain=0.000340842 0.000443886 0.00123523 0.000787178 0.00195726 0.00143127 0.00116264 0.000528803 0.000343625 0.00169719 0.00291037 0.0023308 0.0016882 0.0019384 0.00139296 0.00444572 0.00588923 0.00502339 0.00340884 0.00504082 0.00161111 0.0127219 0.00902964 0.00133917 0.00528603 0.00127918 0.00126304 0.00201655 0.00124856 0.00237247
threshold=0.50263577699661266 0.50811097025871288 2.5000000000000004 0.51583248376846325 1.5000000000000002 1.5000000000000002 0.5197696089744569 0.52156502008438121 0.54690846800804149 2.5000000000000004 0.5392587184906007 0.53558674454689037 0.52572613954544078 1.5000000000000002 0.56518462300300609 0.56929969787597667 0.57328283786773693 0.57557615637779247 0.57720559835433971 0.57960009574890148 0.58287447690963756 0.58441710472106945 0.58856511116027843 4.5000000000000009 0.55938175320625316 1.0000000180025095e-35 0.56084686517715465 0.55763518810272228 0.62342023849487316 0.6390553116798402
decision_type=2 2 2 2 2 2 2 2 2 2 2 2 2 2 2 2 2 2 2 2 2 2 2 2 2 2 2 2 2 2
left_child=-1 2 -2 4 -3 -6 -5 -8 9 -9 11 12 -11 -14 23 -16 -17 -18 -19 -20 -21 -22 -23 25 -25 -10 27 -27 -24 -30
right_child=1 3 -4 6 5 -7 7 8 14 10 -12 -13 13 -15 15 16 17 18 19 20 21 22 28 24 -26 26 -28 -29 29 -31
leaf_value=-0.00041199441126082097 -0.0003243134166537361 0.00054395663202740248 0.00061724310691811538 0.00054039753711549571 -0.00018555592905613596 -0.0011762349959462881 -0.00051410159212537108 0.00040356302213774109 0.00050202814724158368 -0.00086107366898266436 0.00056858525730352455 -0.0011231246140475076 0.00053364498056577181 -0.0006159781398971312 0.0010551938796197647 -0.0012116690137190746 0.0015885181343764999 -0.0013025027629919351 0.0015899318788433446 -0.00063304555485956373 0.0025206549605354669 -0.0015027088107308375 0.00019057888664760601 0.00017542966067724463 -0.0019233851870965391 -0.00039959605181416087 -0.00094328335782682357 0.00070428196037107191 -0.00038631701449048711 7.2646280093153988e-06
leaf_weight=20 22 20 38 40 35 25 20 115 27 22 47 30 44 22 40 40 20 20 20 40 20 40 340 28 21 59 22 23 160 3580
leaf_count=20 22 20 38 40 35 25 20 115 27 22 47 30 44 22 40 40 20 20 20 40 20 40 340 28 21 59 22 23 160 3580
internal_value=-5.0939e-13 1.6546e-06 0.000272006 -1.64237e-06 -0.000312765 -0.000598339 3.50015e-06 -9.73991e-07 1.17299e-06 0.00010866 -9.68787e-05 -0.000361936 -0.00010244 0.000150437 -5.51509e-06 5.84174e-06 -3.96529e-06 7.42815e-06 -6.5172e-08 6.13691e-06 -1.44105e-06 4.6614e-06 -7.55216e-06 -0.000278079 -0.000724062 -0.000111261 -0.00027048 -8.99717e-05 7.10624e-06 -9.57309e-06
internal_weight=5000 4980 60 4920 80 60 4840 4800 4780 280 165 118 88 66 4500 4320 4280 4240 4220 4200 4180 4140 4120 180 49 131 104 82 4080 3740
internal_count=5000 4980 60 4920 80 60 4840 4800 4780 280 165 118 88 66 4500 4320 4280 4240 4220 4200 4180 4140 4120 180 49 131 104 82 4080 3740
is_linear=0
shrinkage=0.1


Tree=94
num_leaves=31
num_cat=0
split_feature=1 0 0 1 0 0 0 0 0 0 0 3 2 2 0 0 0 1 0 2 2 0 0 0 0 0 0 0 0 0
split_gain=0.000322916 0.000523699 0.0056923 0.00187284 0.00545683 0.00466308 0.00243342 0.00244542 0.00332969 0.00237898 0.00186512 0.00198266 0.00216045 0.00142293 0.00487964 0.00157286 0.00339519 0.00203389 0.00680663 0.00131456 0.00110086 0.000767203 0.00435642 0.00413651 0.00338752 0.00174012 0.0029111 0.0025841 0.00347638 0.00280389
threshold=1.5000000000000002 0.88665375113487255 0.89312097430229198 3.5000000000000004 0.93913727998733532 0.99204844236373912 0.97540909051895153 0.9663703739643098 0.95920598506927501 0.90517860651016246 0.8708171844482423 1.0000000180025095e-35 3.5000000000000004 1.5000000000000002 0.93270072340965282 0.91220548748970043 0.92590162158012401 2.5000000000000004 0.93745881319046032 2.5000000000000004 2.5000000000000004 0.8458877205848695 0.8388219177722932 0.83400127291679393 0.8542768955230714 0.7765195667743684 0.78288164734840404 0.72027656435966503 0.71617025136947643 0.72722959518432628
decision_type=2 2 2 2 2 2 2 2 2 2 2 2 2 2 2 2 2 2 2 2 2 2 2 2 2 2 2 2 2 2
left_child=-1 10 -3 5 -5 6 7 8 9 20 21 -12 -13 14 -11 -15 -17 18 -18 -8 -4 22 23 25 -23 27 -27 28 -2 -29
right_child=1 2 3 4 -6 -7 19 -9 -10 13 11 12 -14 15 -16 16 17 -19 -20 -21 -22 24 -24 -25 -26 26 -28 29 -30 -31
leaf_value=-2.2453359152040454e-05 4.2913315933014383e-05 -0.0014474933339183086 0.0012092145435004071 0.00033690209968499993 -0.0016960275183088886 -0.0012505113380029799 0.00026592053356580433 -0.0006920072552118753 0.0013256557984277608 -0.0016383612842416726 0.0011056324208552457 0.00078962569400160159 -0.00061181941365992488 -0.00073364965384826065 0.00024757904466241601 0.0010467286554298231 -0.0012246519890719686 -0.0010083302878774703 0.0010079812470091081 0.0011741163048153633 0.00026393258012831212 -0.00098264777242500147 0.0013860430473869201 -0.0011546988875187677 0.0002058851628904589 0.0011725918942829595 0.0001598234565286671 -0.001239474623331002 0.0013750794774387033 -0.00017231348671938417
leaf_weight=2808 953 28 22 31 23 24 30 37 23 23 34 22 22 20 34 35 22 20 36 34 28 38 24 29 65 32 251 28 20 204
leaf_count=2808 953 28 22 31 23 24 30 37 23 23 34 22 22 20 34 35 22 20 36 34 28 38 24 29 65 32 251 28 20 204
internal_value=-2.37476e-12 2.87632e-05 -6.47963e-05 2.27953e-05 -0.000528975 9.95882e-05 0.000188606 6.9183e-05 0.000176271 6.61212e-05 5.42992e-05 0.000532093 8.89031e-05 -9.53881e-05 -0.000513414 8.37661e-05 0.000228441 -0.000138739 0.00016112 0.0007484 0.000679857 3.16302e-05 4.92915e-05 2.81431e-05 -0.000232603 5.11958e-05 0.000274341 -1.21101e-06 7.0296e-05 -0.000301109
internal_weight=5000 2192 470 442 54 388 364 300 263 240 1722 78 44 190 57 133 113 78 58 64 50 1644 1541 1517 103 1488 283 1205 973 232
internal_count=5000 2192 470 442 54 388 364 300 263 240 1722 78 44 190 57 133 113 78 58 64 50 1644 1541 1517 103 1488 283 1205 973 232
is_linear=0
shrinkage=0.1


Tree=95
num_leaves=31
num_cat=0
split_feature=0 0 0 2 0 0 0 2 2 0 0 3 0 0 0 0 3 2 0 2 3 0 1 0 0 0 1 0 0 1
split_gain=0.000326611 0.000694335 0.000792861 0.00344047 0.000914011 0.00153711 0.00111366 0.000627068 0.000580461 0.00585432 0.000978582 0.000795847 0.000445964 0.0045761 0.00289767 0.00251128 0.00222722 0.00114735 0.000783823 0.00237218 0.00176717 0.00118625 0.000656982 0.00184066 0.00352478 0.00182804 0.00165758 0.00187121 0.00158526 0.00257482
threshold=0.99384760856628429 0.98135417699813854 0.97540909051895153 2.5000000000000004 0.97202536463737499 0.9683339297771455 0.95702180266380321 4.5000000000000009 1.5000000000000002 0.9879293441772462 0.9879293441772462 1.0000000180025095e-35 0.90345004200935375 0.90119946002960216 0.91376066207885753 0.91795152425766002 1.0000000180025095e-35 2.5000000000000004 0.89312097430229198 1.5000000000000002 1.0000000180025095e-35 0.88901787996292125 1.5000000000000002 0.94858148694038402 0.94324612617492687 0.95017054677009594 2.5000000000000004 0.93421936035156261 0.92877322435379039 1.0000000180025095e-35
decision_type=2 2 2 2 2 2 2 2 2 2 2 2 2 2 2 2 2 2 2 2 2 2 2 2 2 2 2 2 2 2
left_child=1 2 4 -4 5 6 12 -8 9 -3 11 -10 13 18 16 -16 -14 -18 21 -20 -21 -1 25 24 26 28 27 -24 -17 -30
right_child=-2 8 3 -5 -6 -7 7 -9 10 -11 -12 -13 14 -15 15 22 17 -19 19 20 -22 -23 23 -25 -26 -27 -28 -29 29 -31
leaf_value=3.1744200353761707e-06 0.00023800605119679845 -0.0016613295481709594 -0.00038916831975351171 0.0011648932259829183 -0.00048943163867653844 0.00063641612344470465 -0.00048626636352208966 0.0001135092562712405 -0.00022823601262643932 0.00070261119632050403 -0.00048237132817834007 0.00054167874984378968 0.00098766081204563062 -0.0010986658957431485 -0.00080604659512908635 -0.00039008270817118633 -0.00038991661075180256 0.0005044199308031239 0.0011972774074158886 -0.00058586685419348742 0.00055904088703055796 -0.00055826554614070217 -0.0005187852068855945 0.00092361803519828566 -0.0011423972479644277 -0.00073782228128573696 0.00075345011508795524 0.00060738857486285268 -0.00031092900518650334 0.00058443873886495745
leaf_weight=3898 57 22 29 28 38 38 72 23 25 20 37 29 56 38 38 56 26 32 22 28 26 38 36 29 21 34 43 25 52 84
leaf_count=3898 57 22 29 28 38 38 72 23 25 20 37 29 56 38 38 56 26 32 22 28 26 38 36 29 21 34 43 25 52 84
internal_value=1.18177e-12 -2.74456e-06 3.48766e-06 0.00037423 -9.58444e-07 2.97835e-06 -2.16825e-06 -0.000341058 -0.000228135 -0.000535643 -8.62083e-05 0.000185237 4.85805e-06 -6.44904e-06 9.09364e-05 -3.09436e-05 0.00053783 0.00010351 3.89599e-06 0.000321985 -3.4615e-05 -2.24599e-06 4.65667e-05 0.000205853 3.93317e-05 -6.19736e-05 0.00027795 -5.72386e-05 5.77079e-05 0.000242092
internal_weight=5000 4943 4810 57 4753 4715 4677 95 133 42 91 54 4582 4050 532 418 114 58 4012 76 54 3936 380 154 125 226 104 61 192 136
internal_count=5000 4943 4810 57 4753 4715 4677 95 133 42 91 54 4582 4050 532 418 114 58 4012 76 54 3936 380 154 125 226 104 61 192 136
is_linear=0
shrinkage=0.1


Tree=96
num_leaves=31
num_cat=0
split_feature=0 0 0 0 0 0 0 0 0 1 1 0 1 0 2 0 0 0 0 0 0 0 2 0 1 0 0 0 0 0
split_gain=0.000279549 0.000358136 0.0011218 0.000641188 0.00167572 0.00094023 0.000855579 0.000486314 0.00266165 0.00241632 0.00198221 0.00166888 0.00163063 0.000645428 0.00207859 0.00807429 0.000938443 0.00359499 0.00478162 0.00406056 0.00277274 0.00407456 0.00154031 0.00385186 0.00236607 0.00131111 0.0102851 0.00732694 0.000997853 0.00193694
threshold=0.50263577699661266 0.50811097025871288 0.50606879591941845 0.51583248376846325 0.51356586813926708 0.5197696089744569 0.51005226373672496 0.53422278165817272 0.53315225243568432 1.0000000180025095e-35 2.5000000000000004 0.53558674454689037 1.5000000000000002 0.544326812028885 3.5000000000000004 0.5392587184906007 0.56518462300300609 0.56929969787597667 0.57328283786773693 0.57557615637779247 0.57720559835433971 0.57960009574890148 4.5000000000000009 0.55938175320625316 1.0000000180025095e-35 0.58287447690963756 0.58441710472106945 0.58856511116027843 0.62342023849487316 0.6390553116798402
decision_type=2 2 2 2 2 2 2 2 2 2 2 2 2 2 2 2 2 2 2 2 2 2 2 2 2 2 2 2 2 2
left_child=-1 2 -2 4 6 -5 -3 8 9 -7 12 -9 -11 14 -13 -16 22 -18 -19 -20 -21 -22 24 -24 -15 -23 -27 -28 -29 -30
right_child=1 3 -4 5 -6 7 -8 11 -10 10 -12 13 -14 16 15 -17 17 18 19 20 21 25 23 -25 -26 26 27 28 29 -31
leaf_value=-0.0003731159173185006 -6.1414610827341688e-05 -0.00055205359472893184 0.00085583798470906909 0.00048599787754938006 -0.0010749713287805209 -0.00076617737490985082 0.00024899849900975821 0.00091657036689866793 -0.001251363279297948 0.00016874494496732951 -0.00051034685956048112 0.000726939899474625 0.0011566246617197371 0.00074703058499532441 -0.0016996076108799095 0.00083998119113065553 0.0009489877213491127 -0.0010916790948249401 0.001428325881715864 -0.0011745734256692231 0.0014295982316616575 -0.00057091802300419665 -1.8808688037097457e-05 -0.0017319202206895819 -0.0002510876618448253 0.0022665953059913591 -0.0013534516008803623 0.00017060351602541393 -0.00034873978398536565 6.8854349429738906e-06
leaf_weight=20 40 20 20 40 20 33 40 20 20 55 28 48 24 30 21 31 40 40 20 20 20 40 35 21 114 20 40 340 160 3580
leaf_count=20 40 20 20 40 20 33 40 20 20 55 28 48 24 30 21 31 40 40 20 20 20 40 35 21 114 20 40 340 160 3580
internal_value=-2.31696e-12 1.49846e-06 0.000244336 -1.46298e-06 -0.000282257 3.17824e-06 -1.80189e-05 -8.45255e-07 -0.000172255 -1.80972e-05 0.000212619 5.06544e-06 0.00046886 1.11953e-06 0.000252408 -0.000185622 -4.43994e-06 5.36416e-06 -3.45475e-06 6.81151e-06 7.44797e-08 5.66804e-06 -0.000216209 -0.000661226 -4.31464e-05 -1.14502e-06 4.36003e-06 -6.62169e-06 6.58252e-06 -8.32848e-06
internal_weight=5000 4980 60 4920 80 4840 60 4800 160 140 107 4640 79 4620 100 52 4520 4320 4280 4240 4220 4200 200 56 144 4180 4140 4120 4080 3740
internal_count=5000 4980 60 4920 80 4840 60 4800 160 140 107 4640 79 4620 100 52 4520 4320 4280 4240 4220 4200 200 56 144 4180 4140 4120 4080 3740
is_linear=0
shrinkage=0.1


Tree=97
num_leaves=31
num_cat=0
split_feature=1 2 0 0 0 0 3 2 2 0 0 0 2 0 0 3 2 0 0 0 0 0 0 0 0 0 3 2 0 0
split_gain=0.000272211 0.000876303 0.00120819 0.000284873 0.00227929 0.00173389 0.00194636 0.00109422 0.000994468 0.00192238 0.0046978 0.00190433 0.00332947 0.00410542 0.00161861 0.00107843 0.000786296 0.000707548 0.00292067 0.00238364 0.00330638 0.00223154 0.00331801 0.00231168 0.00834139 0.00340357 0.0012119 0.00258639 0.00134456 0.00133182
threshold=4.5000000000000009 2.5000000000000004 0.74367412924766552 0.53422278165817272 0.53315225243568432 0.54247352480888378 1.0000000180025095e-35 3.5000000000000004 3.5000000000000004 0.51583248376846325 0.5197696089744569 0.51356586813926708 2.5000000000000004 0.52156502008438121 0.50606879591941845 1.0000000180025095e-35 1.0000000180025095e-35 0.56518462300300609 0.56929969787597667 0.57328283786773693 0.57557615637779247 0.57720559835433971 0.57960009574890148 0.58287447690963756 0.58441710472106945 0.58856511116027843 1.0000000180025095e-35 3.5000000000000004 0.55542752146720897 0.55127096176147472
decision_type=2 2 2 2 2 2 2 2 2 2 2 2 2 2 2 2 2 2 2 2 2 2 2 2 2 2 2 2 2 2
left_child=3 -2 -3 4 8 6 7 -5 11 -10 -11 14 13 -13 -1 -12 -15 26 -19 -20 -21 -22 -23 -24 -25 -26 29 -28 -29 -7
right_child=1 2 -4 5 -6 17 -8 -9 9 10 15 12 -14 16 -16 -17 -18 18 19 20 21 22 23 24 25 -27 27 28 -30 -31
leaf_value=-0.00034477256019325823 0.00059955239205831479 0.00039512220736679201 -0.00058879768960954 0.00040702633734326812 -0.0011262268666177989 0.00048113578342876977 0.00090347174875205394 -0.00050975413507093551 -0.00022425256123396512 0.001783388476109221 0.00034791908498543007 -0.0011393154114243927 -0.001553818221807226 -7.5952736257862017e-05 0.000557043167646043 -0.00055526077165268361 0.00067539285315433529 0.00085408893181011076 -0.0007826174546677906 0.0012854933121707291 -0.0010571160330437124 0.0012866383959772066 -0.0007808596707610904 0.0020399358461145314 -0.00094927992483319129 1.5940653450784718e-06 9.0204369755358336e-05 -0.0004982975518537892 -0.0015651865319038433 -0.00020992209817877555
leaf_weight=34 31 26 24 30 20 42 45 23 68 21 39 29 22 26 48 20 30 40 39 20 20 20 38 20 38 4011 45 27 21 83
leaf_count=34 31 26 24 30 20 42 45 23 68 21 39 29 22 26 48 20 30 40 39 20 20 20 38 20 38 4011 45 27 21 83
internal_value=-1.90354e-12 0.000181829 -7.71593e-05 -2.99414e-06 -8.90203e-05 3.73785e-06 0.000419823 9.17821e-06 -2.7465e-05 0.00016666 0.000498935 -0.000179478 -0.000457356 -0.000173566 0.00018312 4.17564e-05 0.000326554 -5.39664e-06 3.62435e-06 -4.46376e-06 2.81918e-06 -3.36685e-06 1.73976e-06 -4.51736e-06 2.73283e-06 -7.32992e-06 -0.000181099 -0.000454449 -0.000965061 2.22734e-05
internal_weight=5000 81 50 4919 357 4562 98 53 337 148 80 189 107 85 82 59 56 4464 4246 4206 4167 4147 4127 4107 4069 4049 218 93 48 125
internal_count=5000 81 50 4919 357 4562 98 53 337 148 80 189 107 85 82 59 56 4464 4246 4206 4167 4147 4127 4107 4069 4049 218 93 48 125
is_linear=0
shrinkage=0.1


Tree=98
num_leaves=31
num_cat=0
split_feature=2 2 0 0 0 1 0 0 0 0 0 0 0 0 0 0 0 0 0 0 0 0 0 0 0 0 0 3 0 0
split_gain=0.000262134 0.000912687 0.000865649 0.00417583 0.00152675 0.000896094 0.00078769 0.00206139 0.001591 0.00143368 0.00178969 0.00277251 0.00196704 0.00158531 0.00168609 0.0011619 0.00102088 0.000890515 0.000814459 0.00201564 0.00118641 0.000962647 0.00268953 0.00248881 0.00149577 0.00186614 0.000798295 0.000776174 0.000707798 0.00255637
threshold=3.5000000000000004 4.5000000000000009 0.97017219662666332 0.96227243542671215 0.97893097996711742 4.5000000000000009 0.58675512671470653 0.55542752146720897 0.56929969787597667 0.63062384724617015 0.67062306404113781 0.68988433480262767 0.64900735020637523 0.70482498407363903 0.72951611876487743 0.74163156747818004 0.54247352480888378 0.61726689338684093 0.75357362627983104 0.77229654788970958 0.78719016909599315 0.81839299201965343 0.8038204312324525 0.83201095461845409 0.85106337070465099 0.86401391029357921 0.52383488416671764 1.0000000180025095e-35 0.53558674454689037 0.54690846800804149
decision_type=2 2 2 2 2 2 2 2 2 2 2 2 2 2 2 2 2 2 2 2 2 2 2 2 2 2 2 2 2 2
left_child=28 6 3 5 -4 -3 7 16 -9 17 12 -12 -11 -13 -15 -16 26 -8 -17 -20 -21 22 -22 -23 -25 -26 -2 -6 -1 -30
right_child=1 2 4 -5 27 -7 9 8 -10 10 11 13 -14 14 15 18 -18 -19 19 20 21 23 -24 24 25 -27 -28 -29 29 -31
leaf_value=-0.00019543692185390441 -0.00010893144344370212 -3.3441213180936283e-05 -0.0010277886449804774 0.0014324395277071746 -0.00048525435850024225 0.00064100057817995549 -9.2561705969274044e-05 0.0015670754009624943 0.00030572503805160523 5.4765496402978905e-05 -0.00090056942275883308 0.00091532901133177806 0.0012970903986850037 -0.00067029661617458002 0.00085607968448173435 -0.00051320471046935952 -0.00055892296251840894 -0.00083404414728283885 0.00099452414637198668 -0.00054737651752757616 -0.0001253808530357977 -0.00092885086390500282 0.0012948822907977351 0.00096669088467024275 -0.00083358044226077347 0.00015510764410941021 0.00059271472958190481 0.00025344291559921465 0.00063933232197693236 -2.1062879351657038e-05
leaf_weight=213 31 1313 23 20 25 20 46 20 20 25 28 24 26 28 21 21 20 25 25 29 30 24 24 20 21 210 34 33 60 2541
leaf_count=213 31 1313 23 20 25 20 46 20 20 25 28 24 26 28 21 21 20 25 25 29 30 24 24 20 21 210 34 33 60 2541
internal_value=-8.04284e-13 2.59785e-05 -2.08134e-05 -1.80304e-06 -0.000338357 -2.33221e-05 0.000115207 0.000344424 0.0009364 6.95093e-05 0.000123545 6.65302e-05 0.000688108 0.000123299 8.13373e-05 0.000130857 6.58467e-05 -0.000353647 9.31595e-05 0.000126407 6.57839e-05 0.000119831 0.000505847 4.4032e-05 0.000137057 6.52269e-05 0.000258083 -6.49611e-05 -2.01808e-05 -5.82885e-06
internal_weight=5000 2186 1434 1353 81 1333 752 125 40 627 556 505 51 477 453 425 85 71 404 383 358 329 54 275 251 231 65 58 2814 2601
internal_count=5000 2186 1434 1353 81 1333 752 125 40 627 556 505 51 477 453 425 85 71 404 383 358 329 54 275 251 231 65 58 2814 2601
is_linear=0
shrinkage=0.1


Tree=99
num_leaves=31
num_cat=0
split_feature=0 0 0 2 0 0 0 2 0 0 3 1 2 0 0 0 0 3 2 2 0 3 0 0 1 0 0 0 1 0
split_gain=0.000265351 0.000573321 0.000697243 0.00289152 0.000658799 0.00119787 0.00104333 0.000468908 0.00474079 0.000801334 0.000597591 0.000429792 0.000360981 0.000350592 0.00372846 0.00232972 0.00202648 0.00179621 0.000917663 0.000629039 0.000628076 0.00198329 0.00426677 0.000962096 0.000528313 0.00149258 0.00284339 0.00147653 0.001331 0.00151924
threshold=0.99384760856628429 0.98135417699813854 0.97540909051895153 2.5000000000000004 0.97202536463737499 0.9683339297771455 0.95702180266380321 1.5000000000000002 0.9879293441772462 0.9879293441772462 1.0000000180025095e-35 1.5000000000000002 4.5000000000000009 0.90345004200935375 0.90119946002960216 0.91376066207885753 0.91795152425766002 1.0000000180025095e-35 2.5000000000000004 2.5000000000000004 0.89312097430229198 1.0000000180025095e-35 0.89767932891845714 0.88901787996292125 1.5000000000000002 0.94858148694038402 0.94324612617492687 0.95017054677009594 2.5000000000000004 0.93421936035156261
decision_type=2 2 2 2 2 2 2 2 2 2 2 2 2 2 2 2 2 2 2 2 2 2 2 2 2 2 2 2 2 2
left_child=1 2 4 -4 5 6 13 8 -3 10 -9 -2 -8 14 20 17 -17 19 -19 -15 23 22 -22 -1 27 26 28 -18 29 -26
right_child=11 7 3 -5 -6 -7 12 9 -10 -11 -12 -13 -14 15 -16 16 24 18 -20 -21 21 -23 -24 -25 25 -27 -28 -29 -30 -31
leaf_value=3.3157010789954396e-06 1.2641708756721505e-05 -0.0014966561892916534 -0.00034899310768854902 0.0010757045512686349 -0.00041568741205417993 0.00056154756488180477 -0.00044036910759233351 -0.00019237593561410903 0.00063061862485483291 -0.00043821534042787815 0.00047478401503557789 0.00058801631908863791 1.4696124455203182e-05 0.0013183018691571697 -0.00099129002927312334 -0.00072462219916480158 5.1512070058379322e-05 -0.00034966661500780341 0.000450156466831686 0.00062601034396461089 0.00083685153629630804 0.00082714568319109587 -0.0012287648243363947 -0.00050230407842287894 -0.00046775134590764842 0.00083046877748686179 -0.0010272076929963771 -0.00066345394417807908 0.00067457977119226794 0.0005469938144087792
leaf_weight=3898 37 22 29 28 38 38 72 25 20 37 29 20 23 21 38 38 192 26 32 35 20 36 20 38 36 29 21 34 43 25
leaf_count=3898 37 22 29 28 38 38 72 25 20 37 29 20 23 21 38 38 192 26 32 35 20 36 20 38 36 29 21 34 43 25
internal_value=1.25101e-12 -2.47381e-06 3.18932e-06 0.000350858 -9.80075e-07 2.36221e-06 -2.1811e-06 -0.000207283 -0.000483668 -7.97212e-05 0.000165914 0.000214528 -0.000330195 4.61973e-06 -5.40568e-06 8.09409e-05 -2.8344e-05 0.000481652 9.16151e-05 0.00088562 3.93221e-06 0.000288671 -0.000195957 -1.56579e-06 4.12838e-05 0.000184123 3.41709e-05 -5.60492e-05 0.000248488 -5.18722e-05
internal_weight=5000 4943 4810 57 4753 4715 4677 133 42 91 54 57 95 4582 4050 532 418 114 58 56 4012 76 40 3936 380 154 125 226 104 61
internal_count=5000 4943 4810 57 4753 4715 4677 133 42 91 54 57 95 4582 4050 532 418 114 58 56 4012 76 40 3936 380 154 125 226 104 61
is_linear=0
shrinkage=0.1


end of trees

feature_importances:
Column_0=1766
Column_2=563
Column_1=393
Column_3=278

parameters:
[boosting: gbdt]
[objective: regression]
[metric: l2]
[tree_learner: serial]
[device_type: cpu]
[data_sample_strategy: bagging]
[data: ]
[valid: ]
[num_iterations: 100]
[learning_rate: 0.1]
[num_leaves: 31]
[num_threads: 10]
[seed: 42]
[deterministic: 0]
[force_col_wise: 0]
[force_row_wise: 0]
[histogram_pool_size: -1]
[max_depth: -1]
[min_data_in_leaf: 20]
[min_sum_hessian_in_leaf: 0.001]
[bagging_fraction: 1]
[pos_bagging_fraction: 1]
[neg_bagging_fraction: 1]
[bagging_freq: 0]
[bagging_seed: 400]
[bagging_by_query: 0]
[feature_fraction: 1]
[feature_fraction_bynode: 1]
[feature_fraction_seed: 30056]
[extra_trees: 0]
[extra_seed: 12879]
[early_stopping_round: 0]
[early_stopping_min_delta: 0]
[first_metric_only: 0]
[max_delta_step: 0]
[lambda_l1: 0]
[lambda_l2: 0]
[linear_lambda: 0]
[min_gain_to_split: 0]
[drop_rate: 0.1]
[max_drop: 50]
[skip_drop: 0.5]
[xgboost_dart_mode: 0]
[uniform_drop: 0]
[drop_seed: 17869]
[top_rate: 0.2]
[other_rate: 0.1]
[min_data_per_group: 100]
[max_cat_threshold: 32]
[cat_l2: 10]
[cat_smooth: 10]
[max_cat_to_onehot: 4]
[top_k: 20]
[monotone_constraints: ]
[monotone_constraints_method: basic]
[monotone_penalty: 0]
[feature_contri: ]
[forcedsplits_filename: ]
[refit_decay_rate: 0.9]
[cegb_tradeoff: 1]
[cegb_penalty_split: 0]
[cegb_penalty_feature_lazy: ]
[cegb_penalty_feature_coupled: ]
[path_smooth: 0]
[interaction_constraints: ]
[verbosity: 1]
[saved_feature_importance_type: 0]
[use_quantized_grad: 0]
[num_grad_quant_bins: 4]
[quant_train_renew_leaf: 0]
[stochastic_rounding: 1]
[linear_tree: 0]
[max_bin: 255]
[max_bin_by_feature: ]
[min_data_in_bin: 3]
[bin_construct_sample_cnt: 200000]
[data_random_seed: 175]
[is_enable_sparse: 1]
[enable_bundle: 1]
[use_missing: 1]
[zero_as_missing: 0]
[feature_pre_filter: 1]
[pre_partition: 0]
[two_round: 0]
[header: 0]
[label_column: ]
[weight_column: ]
[group_column: ]
[ignore_column: ]
[categorical_feature: ]
[forcedbins_filename: ]
[precise_float_parser: 0]
[parser_config_file: ]
[objective_seed: 16083]
[num_class: 1]
[is_unbalance: 0]
[scale_pos_weight: 1]
[sigmoid: 1]
[boost_from_average: 1]
[reg_sqrt: 0]
[alpha: 0.9]
[fair_c: 1]
[poisson_max_delta_step: 0.7]
[tweedie_variance_power: 1.5]
[lambdarank_truncation_level: 30]
[lambdarank_norm: 1]
[label_gain: ]
[lambdarank_position_bias_regularization: 0]
[eval_at: ]
[multi_error_top_k: 1]
[auc_mu_weights: ]
[num_machines: 1]
[local_listen_port: 12400]
[time_out: 120]
[machine_list_filename: ]
[machines: ]
[gpu_platform_id: -1]
[gpu_device_id: -1]
[gpu_device_id_list: ]
[gpu_use_dp: 0]
[num_gpu: 1]

end of parameters

pandas_categorical:null
